[
 {
  "ques_type_id": 1, 
  "description": "Simple Question", 
  "relations": [
   "P641"
  ], 
  "entities": [
   "Q4753837"
  ], 
  "speaker": "USER", 
  "signature": "{Qid:Q4753837}@{description:Simple Question}@{entities:[u'Q4753837']}@{len(ans_list) > 1:False}@{prop_Qid_par:Q349}@{prop_res:P641}@{ques_type_id:1}@{relations:[u'P641']}@{speaker:USER}@{utterance:Which sport did Anders J\\xf6nsson participate in ?}", 
  "utterance": "Which sport did Anders J\u00f6nsson participate in ?"
 }, 
 {
  "ans_list_full": [
   "Q2736"
  ], 
  "entities": [
   "Q2736"
  ], 
  "speaker": "SYSTEM", 
  "signature": "{active_set:[u'(Q4753837,P641,c(Q349))']}@{entities:[u'Q2736']}@{speaker:SYSTEM}@{utterance:association football}", 
  "utterance": "association football", 
  "active_set": [
   "(Q4753837,P641,c(Q349))"
  ]
 }, 
 {
  "ques_type_id": 2, 
  "description": "Simple Question|Single Entity|Indirect", 
  "sec_ques_sub_type": 2, 
  "relations": [
   "P495"
  ], 
  "entities": [
   "Q2736"
  ], 
  "speaker": "USER", 
  "sec_ques_type": 1, 
  "signature": "{Qid:Q2736}@{description:Simple Question|Single Entity|Indirect}@{entities:[u'Q2736']}@{len(ans_list) > 1:False}@{prop_Qid_par:Q1496967}@{prop_res:P495}@{ques_type_id:2}@{relations:[u'P495']}@{sec_ques_sub_type:2}@{sec_ques_type:1}@{speaker:USER}@{utterance:What is the origin of that sport ?}", 
  "utterance": "What is the origin of that sport ?"
 }, 
 {
  "ans_list_full": [
   "Q21"
  ], 
  "entities": [
   "Q21"
  ], 
  "speaker": "SYSTEM", 
  "signature": "{active_set:[u'(Q2736,P495,c(Q1496967))']}@{entities:[u'Q21']}@{speaker:SYSTEM}@{utterance:England}", 
  "utterance": "England", 
  "active_set": [
   "(Q2736,P495,c(Q1496967))"
  ]
 }, 
 {
  "description": "Quantitative|Atleast/ Atmost/ Approx. the same/Equal|Mult. entity type", 
  "count_ques_type": 2, 
  "set_op": 2, 
  "ques_type_id": 8, 
  "relations": [
   "P248"
  ], 
  "count_ques_sub_type": 4, 
  "entities": [], 
  "speaker": "USER", 
  "signature": "{N:1}@{count_ques_sub_type:4}@{count_ques_type:2}@{description:Quantitative|Atleast/ Atmost/ Approx. the same/Equal|Mult. entity type}@{entities:[]}@{is_incomplete:0}@{obj_par_1:Q43229}@{obj_par_2:Q1209283}@{prop_res:P248}@{qualifier_choice:approximately}@{ques_type_id:8}@{relations:[u'P248']}@{set_op:2}@{speaker:USER}@{sub_par:Q502895}@{utterance:Which people have been referred in approximately 1 organizations or electronic medias ?}", 
  "is_incomplete": 0, 
  "utterance": "Which people have been referred in approximately 1 organizations or electronic medias ?"
 }, 
 {
  "ans_list_full": [
   "Q16106932", 
   "Q8019368", 
   "Q5241194", 
   "Q14951093", 
   "Q4096102", 
   "Q6221420", 
   "Q6258326", 
   "Q6228764", 
   "Q5537322", 
   "Q6251897", 
   "Q5232852", 
   "Q5240345", 
   "Q1101329", 
   "Q5232854", 
   "Q16859222", 
   "Q5144957", 
   "Q17308862", 
   "Q5144961", 
   "Q6255184", 
   "Q6249871", 
   "Q6262978", 
   "Q5537308", 
   "Q17423413", 
   "Q6242044", 
   "Q6242859", 
   "Q16857661", 
   "Q1626914", 
   "Q6239285", 
   "Q6246935", 
   "Q6260653", 
   "Q6263007", 
   "Q5537317", 
   "Q16031260", 
   "Q8017696", 
   "Q16065533", 
   "Q17364116", 
   "Q5239888", 
   "Q5606270", 
   "Q8019373", 
   "Q6255164", 
   "Q6244753", 
   "Q6236108", 
   "Q8004400"
  ], 
  "entities": [
   "Q6251897", 
   "Q5144961", 
   "Q6255184"
  ], 
  "speaker": "SYSTEM", 
  "signature": "{active_set:[u'(c(Q502895),P248,c(Q43229)|c(Q1209283))']}@{entities:[u'Q6251897', u'Q5144961', u'Q6255184']}@{speaker:SYSTEM}@{utterance:John Parker, Colin Campbell, John Roberts}", 
  "utterance": "John Parker, Colin Campbell, John Roberts", 
  "active_set": [
   "(c(Q502895),P248,c(Q43229)|c(Q1209283))"
  ]
 }, 
 {
  "ques_type_id": 2, 
  "description": "Simple Question|Single Entity", 
  "sec_ques_sub_type": 1, 
  "relations": [
   "P138"
  ], 
  "entities": [
   "Q21"
  ], 
  "speaker": "USER", 
  "sec_ques_type": 2, 
  "signature": "{Qid:Q21}@{description:Simple Question|Single Entity}@{entities:[u'Q21']}@{len(ans_list) > 1:False}@{prop_Qid_par:Q22687}@{prop_res:P138}@{ques_type_id:2}@{relations:[u'P138']}@{sec_ques_sub_type:1}@{sec_ques_type:2}@{speaker:USER}@{utterance:Which bank has England as its toponym ?}", 
  "utterance": "Which bank has England as its toponym ?"
 }, 
 {
  "ans_list_full": [
   "Q183231"
  ], 
  "entities": [
   "Q183231"
  ], 
  "speaker": "SYSTEM", 
  "signature": "{active_set:[u'(c(Q22687),P138,Q21)']}@{entities:[u'Q183231']}@{speaker:SYSTEM}@{utterance:Bank of England}", 
  "utterance": "Bank of England", 
  "active_set": [
   "(c(Q22687),P138,Q21)"
  ]
 }, 
 {
  "ques_type_id": 2, 
  "description": "Simple Question|Single Entity", 
  "sec_ques_sub_type": 1, 
  "relations": [
   "P85"
  ], 
  "entities": [
   "Q21"
  ], 
  "speaker": "USER", 
  "sec_ques_type": 1, 
  "signature": "{Qid:Q21}@{description:Simple Question|Single Entity}@{entities:[u'Q21']}@{len(ans_list) > 1:True}@{prop_Qid_par:Q484692}@{prop_res:P85}@{ques_type_id:2}@{relations:[u'P85']}@{sec_ques_sub_type:1}@{sec_ques_type:1}@{speaker:USER}@{utterance:What are the national anthems of England ?}", 
  "utterance": "What are the national anthems of England ?"
 }, 
 {
  "ans_list_full": [
   "Q489607", 
   "Q182268"
  ], 
  "entities": [
   "Q489607", 
   "Q182268"
  ], 
  "speaker": "SYSTEM", 
  "signature": "{active_set:[u'(Q21,P85,c(Q484692))']}@{entities:[u'Q489607', u'Q182268']}@{speaker:SYSTEM}@{utterance:And did those feet in ancient time, Land of Hope and Glory}", 
  "utterance": "And did those feet in ancient time, Land of Hope and Glory", 
  "active_set": [
   "(Q21,P85,c(Q484692))"
  ]
 }, 
 {
  "ques_type_id": 6, 
  "description": "Incomplete|object parent is changed, subject and predicate remain same", 
  "inc_ques_type": 1, 
  "relations": [], 
  "entities": [
   "Q21"
  ], 
  "speaker": "USER", 
  "signature": "{description:Incomplete|object parent is changed, subject and predicate remain same}@{entities:[u'Q21']}@{inc_ques_type:1}@{ques_type_id:6}@{relations:[]}@{speaker:USER}@{utterance:And which literary work?}", 
  "utterance": "And which literary work?"
 }, 
 {
  "ans_list_full": [
   "Q40807"
  ], 
  "entities": [
   "Q40807"
  ], 
  "speaker": "SYSTEM", 
  "signature": "{active_set:[u'(Q21,P85,c(Q7725634))']}@{entities:[u'Q40807']}@{speaker:SYSTEM}@{utterance:God Save the Queen}", 
  "utterance": "God Save the Queen", 
  "active_set": [
   "(Q21,P85,c(Q7725634))"
  ]
 }, 
 {
  "ques_type_id": 2, 
  "description": "Simple Question|Single Entity", 
  "sec_ques_sub_type": 1, 
  "relations": [
   "P421"
  ], 
  "entities": [
   "Q21"
  ], 
  "speaker": "USER", 
  "sec_ques_type": 1, 
  "signature": "{Qid:Q21}@{description:Simple Question|Single Entity}@{entities:[u'Q21']}@{len(ans_list) > 1:False}@{prop_Qid_par:Q317623}@{prop_res:P421}@{ques_type_id:2}@{relations:[u'P421']}@{sec_ques_sub_type:1}@{sec_ques_type:1}@{speaker:USER}@{utterance:Where is England located in ?}", 
  "utterance": "Where is England located in ?"
 }, 
 {
  "ans_list_full": [
   "Q30192"
  ], 
  "entities": [
   "Q30192"
  ], 
  "speaker": "SYSTEM", 
  "signature": "{active_set:[u'(Q21,P421,c(Q317623))']}@{entities:[u'Q30192']}@{speaker:SYSTEM}@{utterance:Greenwich Mean Time}", 
  "utterance": "Greenwich Mean Time", 
  "active_set": [
   "(Q21,P421,c(Q317623))"
  ]
 }
]