[
 {
  "ques_type_id": 1, 
  "description": "Simple Question", 
  "relations": [
   "P69"
  ], 
  "entities": [
   "Q6932844"
  ], 
  "speaker": "USER", 
  "signature": "{Qid:Q6932844}@{description:Simple Question}@{entities:[u'Q6932844']}@{len(ans_list) > 1:False}@{prop_Qid_par:Q1935049}@{prop_res:P69}@{ques_type_id:1}@{relations:[u'P69']}@{speaker:USER}@{utterance:Which military school is the alma mater of Muhammad bin Saad ?}", 
  "utterance": "Which military school is the alma mater of Muhammad bin Saad ?"
 }, 
 {
  "ans_list_full": [
   "Q7373601"
  ], 
  "entities": [
   "Q7373601"
  ], 
  "speaker": "SYSTEM", 
  "signature": "{active_set:[u'(Q6932844,P69,c(Q1935049))']}@{entities:[u'Q7373601']}@{speaker:SYSTEM}@{utterance:Royal Air Force College Cranwell}", 
  "utterance": "Royal Air Force College Cranwell", 
  "active_set": [
   "(Q6932844,P69,c(Q1935049))"
  ]
 }, 
 {
  "ques_type_id": 2, 
  "description": "Simple Question|Single Entity|Indirect", 
  "sec_ques_sub_type": 2, 
  "relations": [
   "P159"
  ], 
  "entities": [
   "Q7373601"
  ], 
  "speaker": "USER", 
  "sec_ques_type": 2, 
  "signature": "{Qid:Q7373601}@{description:Simple Question|Single Entity|Indirect}@{entities:[u'Q7373601']}@{len(ans_list) > 1:False}@{prop_Qid_par:Q43229}@{prop_res:P159}@{ques_type_id:2}@{relations:[u'P159']}@{sec_ques_sub_type:2}@{sec_ques_type:2}@{speaker:USER}@{utterance:Which organization has the principal seat at that military school ?}", 
  "utterance": "Which organization has the principal seat at that military school ?"
 }, 
 {
  "ans_list_full": [
   "Q4698217"
  ], 
  "entities": [
   "Q4698217"
  ], 
  "speaker": "SYSTEM", 
  "signature": "{active_set:[u'(c(Q43229),P159,Q7373601)']}@{entities:[u'Q4698217']}@{speaker:SYSTEM}@{utterance:Air Training Corps}", 
  "utterance": "Air Training Corps", 
  "active_set": [
   "(c(Q43229),P159,Q7373601)"
  ]
 }, 
 {
  "set_op_choice": 2, 
  "description": "Logical|Intersection|Multiple_Relation", 
  "ques_type_id": 4, 
  "entities": [
   "Q145", 
   "Q7373601"
  ], 
  "is_inc": 0, 
  "relations": [
   "P1037", 
   "P17"
  ], 
  "speaker": "USER", 
  "signature": "{Qid:Q145}@{Qid_1:Q7373601}@{description:Logical|Intersection|Multiple_Relation}@{entities:[u'Q145', u'Q7373601']}@{is_inc:0}@{is_mult_pid:True}@{is_sub:False}@{prop_Qid_par:Q43229}@{prop_res:P17}@{prop_res_1:P1037}@{ques_type_id:4}@{relations:[u'P1037', u'P17']}@{set_op_choice:2}@{set_sub_oper:1}@{speaker:USER}@{utterance:Which organizations are directed by Royal Air Force College Cranwell and are present in United Kingdom ?}", 
  "utterance": "Which organizations are directed by Royal Air Force College Cranwell and are present in United Kingdom ?"
 }, 
 {
  "ans_list_full": [
   "Q4698217"
  ], 
  "entities": [
   "Q4698217"
  ], 
  "speaker": "SYSTEM", 
  "signature": "{active_set:[u'AND((c(Q43229),P1037,Q7373601), (c(Q43229),P17,Q145))']}@{entities:[u'Q4698217']}@{speaker:SYSTEM}@{utterance:Air Training Corps}", 
  "utterance": "Air Training Corps", 
  "active_set": [
   "AND((c(Q43229),P1037,Q7373601), (c(Q43229),P17,Q145))"
  ]
 }, 
 {
  "description": "Quantitative|Min/Max|Mult. entity type", 
  "count_ques_type": 1, 
  "set_op": 2, 
  "ques_type_id": 8, 
  "relations": [
   "P138"
  ], 
  "count_ques_sub_type": 3, 
  "entities": [], 
  "speaker": "USER", 
  "signature": "{count_ques_sub_type:3}@{count_ques_type:1}@{description:Quantitative|Min/Max|Mult. entity type}@{entities:[]}@{is_incomplete:0}@{obj_par:Q43229}@{prop_res:P138}@{qualifier_choice:max}@{ques_type_id:8}@{relations:[u'P138']}@{set_op:2}@{speaker:USER}@{sub_par_1:Q16970}@{sub_par_2:Q44539}@{utterance:Which organizations are the origin of max number of churches or temples ?}", 
  "is_incomplete": 0, 
  "utterance": "Which organizations are the origin of max number of churches or temples ?"
 }, 
 {
  "ans_list_full": [
   "Q76486"
  ], 
  "entities": [
   "Q76486"
  ], 
  "speaker": "SYSTEM", 
  "signature": "{active_set:[u'(c(Q16970)|c(Q44539),P138,Q76486)']}@{entities:[u'Q76486']}@{speaker:SYSTEM}@{utterance:Saints Cosmas and Damian}", 
  "utterance": "Saints Cosmas and Damian", 
  "active_set": [
   "(c(Q16970)|c(Q44539),P138,Q76486)"
  ]
 }, 
 {
  "ques_type_id": 5, 
  "relations": [
   "P138"
  ], 
  "entities": [
   "Q76486", 
   "Q1532456"
  ], 
  "speaker": "USER", 
  "signature": "{Qid:Q76486}@{bool_ques_type:3}@{description:Verification|2 entities, one direct and one indirect, object is indirect}@{entities:[u'Q76486', u'Q1532456']}@{prop_Qid_par:Q16970}@{prop_res:P138}@{ques_type_id:5}@{relations:[u'P138']}@{speaker:USER}@{sub:Q1532456}@{utterance:Is Corpus Christi Church in Niasvi\\u017e named after that organization ?}", 
  "bool_ques_type": 3, 
  "utterance": "Is Corpus Christi Church in Niasvi\u017e named after that organization ?", 
  "description": "Verification|2 entities, one direct and one indirect, object is indirect"
 }, 
 {
  "ans_list_full": [], 
  "entities": [], 
  "speaker": "SYSTEM", 
  "signature": "{active_set:[u'(Q1532456,P138,Q76486)']}@{entities:[]}@{speaker:SYSTEM}@{utterance:NO}", 
  "utterance": "NO", 
  "active_set": [
   "(Q1532456,P138,Q76486)"
  ]
 }, 
 {
  "description": "Comparative|Count over More/Less|Mult. entity type", 
  "count_ques_type": 1, 
  "set_op": 2, 
  "ques_type_id": 8, 
  "relations": [
   "P193"
  ], 
  "count_ques_sub_type": 7, 
  "entities": [
   "Q5458774"
  ], 
  "speaker": "USER", 
  "signature": "{Z:Q5458774}@{count_ques_sub_type:7}@{count_ques_type:1}@{description:Comparative|Count over More/Less|Mult. entity type}@{entities:[u'Q5458774']}@{is_incomplete:0}@{obj_par:Q43229}@{prop_res:P193}@{qualifier_choice:around the same}@{ques_type_id:8}@{relations:[u'P193']}@{set_op:2}@{speaker:USER}@{sub_par_1:Q483110}@{sub_par_2:Q811430}@{utterance:How many organizations are the building contractors of around the same number of stadia or constructions as Fletcher Construction ?}", 
  "is_incomplete": 0, 
  "utterance": "How many organizations are the building contractors of around the same number of stadia or constructions as Fletcher Construction ?"
 }, 
 {
  "ans_list_full": [
   "Q5458774", 
   "Q1973445", 
   "Q5546426", 
   "Q6729092", 
   "Q11404287", 
   "Q3743456", 
   "Q499194", 
   "Q7168602", 
   "Q1815063", 
   "Q895325", 
   "Q5880816", 
   "Q356193", 
   "Q3116531", 
   "Q4045072", 
   "Q4036303", 
   "Q4702408", 
   "Q11435650", 
   "Q5365823", 
   "Q5560727", 
   "Q339142", 
   "Q4850748", 
   "Q7856815", 
   "Q384730", 
   "Q6139377", 
   "Q463613", 
   "Q8058088", 
   "Q5174993", 
   "Q4410214", 
   "Q11661591", 
   "Q5039561", 
   "Q15528181", 
   "Q5459585", 
   "Q4974585", 
   "Q11445911", 
   "Q7690185", 
   "Q6556889", 
   "Q3116885", 
   "Q679201", 
   "Q1537811", 
   "Q804920", 
   "Q3196454", 
   "Q17006102", 
   "Q14754706", 
   "Q7658475", 
   "Q7248241", 
   "Q7640465", 
   "Q6911654", 
   "Q638231", 
   "Q1370287", 
   "Q7494466", 
   "Q7175465", 
   "Q5943935", 
   "Q549127", 
   "Q4783497", 
   "Q1550888", 
   "Q185651", 
   "Q13109143", 
   "Q11527014", 
   "Q7652191", 
   "Q5754358", 
   "Q1516108", 
   "Q6990206", 
   "Q6103890", 
   "Q5124636", 
   "Q558699", 
   "Q3178370", 
   "Q875968", 
   "Q6939094", 
   "Q1081154", 
   "Q1094508", 
   "Q17036339", 
   "Q11650404", 
   "Q525955", 
   "Q7383973", 
   "Q284672", 
   "Q10548664", 
   "Q1073519", 
   "Q7978724", 
   "Q1741142", 
   "Q295118", 
   "Q547450", 
   "Q5520361", 
   "Q1343184", 
   "Q805165", 
   "Q6421003", 
   "Q7118612", 
   "Q4863105", 
   "Q5060140", 
   "Q626452", 
   "Q489809", 
   "Q6569399", 
   "Q6696097", 
   "Q19874529", 
   "Q4356297", 
   "Q7448611", 
   "Q805116", 
   "Q5519051", 
   "Q685685", 
   "Q6859959", 
   "Q2117643", 
   "Q145614", 
   "Q94849", 
   "Q2461310", 
   "Q7377475", 
   "Q7164914", 
   "Q1619384", 
   "Q924370", 
   "Q2287759", 
   "Q1972407", 
   "Q899038", 
   "Q1770691", 
   "Q321772", 
   "Q368181", 
   "Q4770867", 
   "Q21014605", 
   "Q868587", 
   "Q7856971", 
   "Q136542", 
   "Q2415397", 
   "Q207770", 
   "Q465370", 
   "Q1408037", 
   "Q16984545", 
   "Q5031201", 
   "Q5284447"
  ], 
  "entities": [], 
  "speaker": "SYSTEM", 
  "signature": "{active_set:[u'(c(Q483110)|c(Q811430),P193,c(Q43229))']}@{entities:[]}@{speaker:SYSTEM}@{utterance:125}", 
  "utterance": "125", 
  "active_set": [
   "(c(Q483110)|c(Q811430),P193,c(Q43229))"
  ]
 }, 
 {
  "set_op": 2, 
  "ques_type_id": 8, 
  "description": "Comparative|Count over More/Less|Mult. entity type|Incomplete", 
  "relations": [
   "P193"
  ], 
  "count_ques_sub_type": 7, 
  "entities": [
   "Q10548664"
  ], 
  "speaker": "USER", 
  "signature": "{count_ques_sub_type:7}@{count_ques_type:1}@{description:Comparative|Count over More/Less|Mult. entity type|Incomplete}@{entities:[u'Q10548664']}@{is_incomplete:1}@{ques_type_id:8}@{relations:[u'P193']}@{set_op:2}@{speaker:USER}@{utterance:And what about Kreuger & Toll?}", 
  "count_ques_type": 1, 
  "utterance": "And what about Kreuger & Toll?", 
  "is_incomplete": 1
 }, 
 {
  "ans_list_full": [
   "Q10548664", 
   "Q679201", 
   "Q2287759", 
   "Q5546426", 
   "Q868587", 
   "Q7658475", 
   "Q7856815", 
   "Q207770", 
   "Q7118612", 
   "Q5519051", 
   "Q11661591", 
   "Q6736853", 
   "Q3196454", 
   "Q7652191", 
   "Q11527014", 
   "Q6696097", 
   "Q1972407", 
   "Q804920", 
   "Q1073519", 
   "Q465370", 
   "Q638231", 
   "Q558699", 
   "Q4045072", 
   "Q805116", 
   "Q13109143", 
   "Q805165", 
   "Q7856971", 
   "Q11404287", 
   "Q7690185", 
   "Q7496874", 
   "Q3216370", 
   "Q356193", 
   "Q5365823", 
   "Q547450", 
   "Q7383973", 
   "Q7168602", 
   "Q6556889", 
   "Q2415397", 
   "Q3116885", 
   "Q1370287", 
   "Q4863105", 
   "Q1537811", 
   "Q3178370", 
   "Q368181", 
   "Q21014605", 
   "Q185651", 
   "Q8058088", 
   "Q284672", 
   "Q1815063", 
   "Q899038", 
   "Q17006102", 
   "Q924370", 
   "Q295118", 
   "Q4974585", 
   "Q1081154", 
   "Q384730", 
   "Q6939094", 
   "Q6859959", 
   "Q5174993", 
   "Q5039561", 
   "Q463613", 
   "Q7175465", 
   "Q7448611", 
   "Q6911654", 
   "Q7377475", 
   "Q2117643", 
   "Q525955", 
   "Q489809", 
   "Q10493443", 
   "Q145614", 
   "Q136542", 
   "Q1770691", 
   "Q1741142", 
   "Q5754358", 
   "Q4702408", 
   "Q5031201", 
   "Q1973445", 
   "Q1408037", 
   "Q6103890", 
   "Q5060140", 
   "Q14754706", 
   "Q6990206", 
   "Q7164914", 
   "Q6421003", 
   "Q1516108", 
   "Q7248241", 
   "Q7494466", 
   "Q3743456", 
   "Q895325", 
   "Q5459585", 
   "Q11445911", 
   "Q7640465", 
   "Q499194", 
   "Q16984545", 
   "Q4356297", 
   "Q5520361", 
   "Q685685", 
   "Q1407515", 
   "Q626452", 
   "Q17036339", 
   "Q6569399", 
   "Q3116531", 
   "Q653581", 
   "Q4036303", 
   "Q4783497", 
   "Q5284447", 
   "Q1619384", 
   "Q1550888", 
   "Q6139377", 
   "Q15528181", 
   "Q875968", 
   "Q11435650", 
   "Q94849", 
   "Q5880816", 
   "Q4971979", 
   "Q11650404", 
   "Q2461310", 
   "Q1343184", 
   "Q339142", 
   "Q4410214", 
   "Q19874529", 
   "Q5560727", 
   "Q6729092", 
   "Q7978724"
  ], 
  "entities": [], 
  "speaker": "SYSTEM", 
  "signature": "{active_set:[u'(c(Q483110)|c(Q811430),P193,c(Q43229))']}@{entities:[]}@{speaker:SYSTEM}@{utterance:124}", 
  "utterance": "124", 
  "active_set": [
   "(c(Q483110)|c(Q811430),P193,c(Q43229))"
  ]
 }, 
 {
  "ques_type_id": 7, 
  "description": "Quantitative|Atleast/ Atmost/ Approx. the same/Equal|Single entity type", 
  "speaker": "USER", 
  "relations": [
   "P137"
  ], 
  "count_ques_sub_type": 3, 
  "entities": [], 
  "signature": "{N:2}@{count_ques_sub_type:3}@{count_ques_type:2}@{description:Quantitative|Atleast/ Atmost/ Approx. the same/Equal|Single entity type}@{entities:[]}@{is_incomplete:0}@{obj_par:Q43229}@{prop_res:P137}@{qualifier_choice:exactly}@{ques_type_id:7}@{relations:[u'P137']}@{speaker:USER}@{sub_par:Q55488}@{utterance:Which railway stations were operated by exactly 2 organizations ?}", 
  "count_ques_type": 2, 
  "utterance": "Which railway stations were operated by exactly 2 organizations ?", 
  "is_incomplete": 0
 }, 
 {
  "ans_list_full": [
   "Q631094", 
   "Q321523", 
   "Q5179839"
  ], 
  "entities": [
   "Q631094", 
   "Q321523", 
   "Q5179839"
  ], 
  "speaker": "SYSTEM", 
  "signature": "{active_set:[u'(c(Q55488),P137,c(Q43229))']}@{entities:[u'Q631094', u'Q321523', u'Q5179839']}@{speaker:SYSTEM}@{utterance:Bremen main station, Sternschanze station, Cowton railway station}", 
  "utterance": "Bremen main station, Sternschanze station, Cowton railway station", 
  "active_set": [
   "(c(Q55488),P137,c(Q43229))"
  ]
 }, 
 {
  "description": "Comparative|More/Less|Mult. entity type", 
  "count_ques_type": 1, 
  "set_op": 1, 
  "ques_type_id": 8, 
  "relations": [
   "P559"
  ], 
  "count_ques_sub_type": 5, 
  "entities": [
   "Q801282"
  ], 
  "speaker": "USER", 
  "signature": "{Z:Q801282}@{count_ques_sub_type:5}@{count_ques_type:1}@{description:Comparative|More/Less|Mult. entity type}@{entities:[u'Q801282']}@{is_incomplete:0}@{obj_par:Q55488}@{prop_res:P559}@{qualifier_choice:around the same}@{ques_type_id:8}@{relations:[u'P559']}@{set_op:1}@{speaker:USER}@{sub_par_1:Q728937}@{sub_par_2:Q83620}@{utterance:Which railway stations serve as the endpoint for around the same number of railroad lines and thoroughfares as N\\xf8rreport Station ?}", 
  "is_incomplete": 0, 
  "utterance": "Which railway stations serve as the endpoint for around the same number of railroad lines and thoroughfares as N\u00f8rreport Station ?"
 }, 
 {
  "ans_list_full": [
   "Q801282", 
   "Q2106644", 
   "Q3031699", 
   "Q3441250", 
   "Q800907", 
   "Q3827253", 
   "Q1586293", 
   "Q3289890", 
   "Q2374167", 
   "Q838850", 
   "Q698497", 
   "Q8044432", 
   "Q2106205", 
   "Q7294949", 
   "Q2164511", 
   "Q1494179", 
   "Q801094", 
   "Q55423", 
   "Q1088305", 
   "Q1971134", 
   "Q1992961", 
   "Q3064844", 
   "Q2721373", 
   "Q2369692", 
   "Q3947983", 
   "Q801210", 
   "Q1576928", 
   "Q6124130", 
   "Q2720409", 
   "Q20416", 
   "Q3211840", 
   "Q801189", 
   "Q16335322", 
   "Q1320288", 
   "Q7807772", 
   "Q2313145", 
   "Q1139323", 
   "Q1969462", 
   "Q847741", 
   "Q743932", 
   "Q564926", 
   "Q4584392", 
   "Q5613728", 
   "Q2027823", 
   "Q1089056", 
   "Q5443432", 
   "Q623583", 
   "Q2519375", 
   "Q1087032", 
   "Q5619660", 
   "Q1652933", 
   "Q415553", 
   "Q3464342", 
   "Q1783803", 
   "Q2569761", 
   "Q838399", 
   "Q54453", 
   "Q1085066", 
   "Q1568756", 
   "Q4055814", 
   "Q10591971", 
   "Q638928", 
   "Q15169", 
   "Q1857770", 
   "Q843947", 
   "Q718069", 
   "Q5945246", 
   "Q935233", 
   "Q2711640", 
   "Q2119789", 
   "Q1969904", 
   "Q668351", 
   "Q7402753", 
   "Q2910749", 
   "Q705127", 
   "Q482935", 
   "Q5936795", 
   "Q1143934", 
   "Q887532", 
   "Q512341", 
   "Q8060066", 
   "Q510765", 
   "Q173919", 
   "Q839586", 
   "Q175212", 
   "Q1913884", 
   "Q676961", 
   "Q5244852", 
   "Q2382515", 
   "Q11062024", 
   "Q2902416", 
   "Q55633", 
   "Q568224", 
   "Q801447", 
   "Q126023", 
   "Q1039076", 
   "Q3194854", 
   "Q4698956", 
   "Q1811395", 
   "Q2403543", 
   "Q1305849", 
   "Q15526614", 
   "Q679473", 
   "Q660045", 
   "Q937693", 
   "Q390392", 
   "Q625055", 
   "Q15088440", 
   "Q7365567", 
   "Q1810822", 
   "Q2420839", 
   "Q833482", 
   "Q2697462", 
   "Q717274", 
   "Q552872", 
   "Q2995069", 
   "Q921800", 
   "Q43298", 
   "Q653775", 
   "Q2536740", 
   "Q724559", 
   "Q1586363", 
   "Q2688592", 
   "Q1085126", 
   "Q6427903", 
   "Q2626859", 
   "Q492223", 
   "Q523887", 
   "Q585752", 
   "Q2705508", 
   "Q593257", 
   "Q2566876", 
   "Q1344555", 
   "Q6126288", 
   "Q5603694", 
   "Q1366330", 
   "Q2542458", 
   "Q140277", 
   "Q656401", 
   "Q1105305", 
   "Q2012339", 
   "Q1967220", 
   "Q838864", 
   "Q1974935", 
   "Q2469715", 
   "Q624047", 
   "Q260986", 
   "Q801562", 
   "Q54261", 
   "Q932858", 
   "Q3183147", 
   "Q2140013", 
   "Q960098", 
   "Q2258101", 
   "Q1039443", 
   "Q996591", 
   "Q639716", 
   "Q682583", 
   "Q2480338", 
   "Q706225", 
   "Q2211128", 
   "Q1135973", 
   "Q2338829", 
   "Q2099187", 
   "Q5113294", 
   "Q656090", 
   "Q54275", 
   "Q3032072", 
   "Q683544", 
   "Q660024", 
   "Q1097", 
   "Q2061439", 
   "Q2904609", 
   "Q4698908", 
   "Q895108", 
   "Q2030147", 
   "Q2258125", 
   "Q915581", 
   "Q8045264", 
   "Q2037690", 
   "Q1087575", 
   "Q5625939", 
   "Q2547644", 
   "Q1728328", 
   "Q934869", 
   "Q674350", 
   "Q733618", 
   "Q662217", 
   "Q15170", 
   "Q898095", 
   "Q3209200", 
   "Q571039", 
   "Q2152105", 
   "Q625028", 
   "Q747555", 
   "Q2881451", 
   "Q2449141", 
   "Q6123709", 
   "Q1087026", 
   "Q2355557", 
   "Q2424515", 
   "Q2049305", 
   "Q800600", 
   "Q2209314", 
   "Q3031716", 
   "Q1519529", 
   "Q1537255", 
   "Q2205581", 
   "Q1813853", 
   "Q1088228", 
   "Q2001751", 
   "Q2548980", 
   "Q613893", 
   "Q717017", 
   "Q949884", 
   "Q1863087", 
   "Q2271776", 
   "Q2657040", 
   "Q2372137", 
   "Q1087562", 
   "Q3211386", 
   "Q837626", 
   "Q568297", 
   "Q5925879", 
   "Q2172950", 
   "Q833533", 
   "Q2114035", 
   "Q129342", 
   "Q663945", 
   "Q2329927", 
   "Q1969873", 
   "Q16335316", 
   "Q2828748", 
   "Q2370028", 
   "Q1421962", 
   "Q800909", 
   "Q2721969", 
   "Q3241406", 
   "Q2686184", 
   "Q624503", 
   "Q1267664", 
   "Q667121", 
   "Q2444858", 
   "Q2633546", 
   "Q1029092", 
   "Q270954", 
   "Q606164", 
   "Q2565684", 
   "Q800405", 
   "Q5963828", 
   "Q3094926", 
   "Q838420", 
   "Q1346764", 
   "Q2921538", 
   "Q3462466", 
   "Q2721114", 
   "Q3077167", 
   "Q1344536", 
   "Q704872", 
   "Q1962305", 
   "Q1459245", 
   "Q1847502", 
   "Q1757126", 
   "Q2077029", 
   "Q801185", 
   "Q2655164", 
   "Q601484", 
   "Q3356829", 
   "Q2818719", 
   "Q4764353", 
   "Q2375864", 
   "Q2085825", 
   "Q2427833", 
   "Q1039422", 
   "Q801554", 
   "Q838763", 
   "Q2284424", 
   "Q1064150", 
   "Q180463", 
   "Q1185683", 
   "Q4956341", 
   "Q16273", 
   "Q5581810", 
   "Q705415", 
   "Q3150918", 
   "Q15166", 
   "Q2984111", 
   "Q568579", 
   "Q1969480", 
   "Q550317", 
   "Q477185", 
   "Q1384273", 
   "Q4235947", 
   "Q1088096", 
   "Q2605805", 
   "Q705026", 
   "Q262168", 
   "Q667797", 
   "Q430991", 
   "Q15529967", 
   "Q2549402", 
   "Q3360807", 
   "Q2657073", 
   "Q1642454", 
   "Q2454808", 
   "Q1427150", 
   "Q2820829", 
   "Q2270685", 
   "Q6456", 
   "Q448986", 
   "Q1783997", 
   "Q3418560", 
   "Q5758111", 
   "Q15407739", 
   "Q1537246", 
   "Q3799011", 
   "Q804647", 
   "Q15199514", 
   "Q2053224", 
   "Q2084603", 
   "Q3648856"
  ], 
  "entities": [
   "Q801447", 
   "Q6456", 
   "Q2705508"
  ], 
  "speaker": "SYSTEM", 
  "signature": "{active_set:[u'(c(Q728937)|c(Q83620),P559,c(Q55488))']}@{entities:[u'Q801447', u'Q6456', u'Q2705508']}@{speaker:SYSTEM}@{utterance:Shinjuku Station, Hamburg Central Station, Nuevos Ministerios Station}", 
  "utterance": "Shinjuku Station, Hamburg Central Station, Nuevos Ministerios Station", 
  "active_set": [
   "(c(Q728937)|c(Q83620),P559,c(Q55488))"
  ]
 }, 
 {
  "ques_type_id": 7, 
  "description": "Comparative|Count over More/Less|Single entity type", 
  "speaker": "USER", 
  "relations": [
   "P559"
  ], 
  "count_ques_sub_type": 6, 
  "entities": [
   "Q1292805"
  ], 
  "signature": "{Z:Q1292805}@{count_ques_sub_type:6}@{count_ques_type:2}@{description:Comparative|Count over More/Less|Single entity type}@{entities:[u'Q1292805']}@{is_incomplete:0}@{obj_par:Q55488}@{prop_res:P559}@{qualifier_choice:more}@{ques_type_id:7}@{relations:[u'P559']}@{speaker:USER}@{sub_par:Q728937}@{utterance:How many railroad lines have more number of railway stations as their endpoint than Line A ?}", 
  "count_ques_type": 2, 
  "utterance": "How many railroad lines have more number of railway stations as their endpoint than Line A ?", 
  "is_incomplete": 0
 }, 
 {
  "ans_list_full": [
   "Q50751", 
   "Q86467", 
   "Q340562", 
   "Q99725", 
   "Q3238968", 
   "Q595450", 
   "Q4590787", 
   "Q1143250", 
   "Q16266", 
   "Q989358", 
   "Q17503", 
   "Q862941", 
   "Q50749", 
   "Q989316"
  ], 
  "entities": [], 
  "speaker": "SYSTEM", 
  "signature": "{active_set:[u'(c(Q728937),P559,c(Q55488))']}@{entities:[]}@{speaker:SYSTEM}@{utterance:14}", 
  "utterance": "14", 
  "active_set": [
   "(c(Q728937),P559,c(Q55488))"
  ]
 }, 
 {
  "description": "Quantitative|Count over Atleast/ Atmost/ Approx. the same/Equal|Mult. entity type", 
  "count_ques_type": 2, 
  "set_op": 1, 
  "ques_type_id": 8, 
  "relations": [
   "P1192"
  ], 
  "count_ques_sub_type": 6, 
  "entities": [], 
  "speaker": "USER", 
  "signature": "{N:2}@{count_ques_sub_type:6}@{count_ques_type:2}@{description:Quantitative|Count over Atleast/ Atmost/ Approx. the same/Equal|Mult. entity type}@{entities:[]}@{is_incomplete:0}@{obj_par_1:Q3959904}@{obj_par_2:Q4830453}@{prop_res:P1192}@{qualifier_choice:exactly}@{ques_type_id:8}@{relations:[u'P1192']}@{set_op:1}@{speaker:USER}@{sub_par:Q55488}@{utterance:How many railway stations have exactly 2 multiple units and business enterprises as connecting station ?}", 
  "is_incomplete": 0, 
  "utterance": "How many railway stations have exactly 2 multiple units and business enterprises as connecting station ?"
 }, 
 {
  "ans_list_full": [
   "Q800587", 
   "Q254647", 
   "Q255951", 
   "Q706994", 
   "Q682505", 
   "Q567024", 
   "Q613766", 
   "Q473572", 
   "Q800701", 
   "Q165368", 
   "Q688541", 
   "Q1954"
  ], 
  "entities": [], 
  "speaker": "SYSTEM", 
  "signature": "{active_set:[u'(c(Q55488),P1192,c(Q3959904)|c(Q4830453))']}@{entities:[]}@{speaker:SYSTEM}@{utterance:12}", 
  "utterance": "12", 
  "active_set": [
   "(c(Q55488),P1192,c(Q3959904)|c(Q4830453))"
  ]
 }, 
 {
  "ques_type_id": 7, 
  "description": "Quantitative|Count over Atleast/ Atmost/ Approx. the same/Equal|Single entity type", 
  "speaker": "USER", 
  "relations": [
   "P669"
  ], 
  "count_ques_sub_type": 5, 
  "entities": [], 
  "signature": "{N:3}@{count_ques_sub_type:5}@{count_ques_type:1}@{description:Quantitative|Count over Atleast/ Atmost/ Approx. the same/Equal|Single entity type}@{entities:[]}@{is_incomplete:0}@{obj_par:Q79007}@{prop_res:P669}@{qualifier_choice:around}@{ques_type_id:7}@{relations:[u'P669']}@{speaker:USER}@{sub_par:Q55488}@{utterance:How many streets are the locations of around 3 railway stations ?}", 
  "count_ques_type": 1, 
  "utterance": "How many streets are the locations of around 3 railway stations ?", 
  "is_incomplete": 0
 }, 
 {
  "ans_list_full": [
   "Q2921973", 
   "Q2921981"
  ], 
  "entities": [], 
  "speaker": "SYSTEM", 
  "signature": "{active_set:[u'(c(Q55488),P669,c(Q79007))']}@{entities:[]}@{speaker:SYSTEM}@{utterance:2}", 
  "utterance": "2", 
  "active_set": [
   "(c(Q55488),P669,c(Q79007))"
  ]
 }, 
 {
  "set_op": 1, 
  "ques_type_id": 8, 
  "description": "Quantitative|Count|Mult. entity type", 
  "speaker": "USER", 
  "relations": [
   "P137"
  ], 
  "count_ques_sub_type": 1, 
  "entities": [
   "Q631094", 
   "Q650270"
  ], 
  "signature": "{Qid:Q631094}@{Qid_2:Q650270}@{count_ques_sub_type:1}@{count_ques_type:1}@{description:Quantitative|Count|Mult. entity type}@{entities:[u'Q631094', u'Q650270']}@{is_incomplete:0}@{obj_par:Q740752}@{prop_res:P137}@{ques_type_id:8}@{relations:[u'P137']}@{set_op:1}@{speaker:USER}@{utterance:How many transport companies can manage Bremen main station and Hamburg-Altona station ?}", 
  "count_ques_type": 1, 
  "utterance": "How many transport companies can manage Bremen main station and Hamburg-Altona station ?", 
  "is_incomplete": 0
 }, 
 {
  "ans_list_full": [
   "Q452140", 
   "Q18853"
  ], 
  "entities": [], 
  "speaker": "SYSTEM", 
  "signature": "{active_set:[u'(Q631094,P137,c(Q740752))', u'(Q650270,P137,c(Q740752))']}@{entities:[]}@{speaker:SYSTEM}@{utterance:2}", 
  "utterance": "2", 
  "active_set": [
   "(Q631094,P137,c(Q740752))", 
   "(Q650270,P137,c(Q740752))"
  ]
 }, 
 {
  "ques_type_id": 7, 
  "description": "Quantitative|Count|Single entity type", 
  "relations": [
   "P137"
  ], 
  "count_ques_sub_type": 1, 
  "entities": [
   "Q631094"
  ], 
  "speaker": "USER", 
  "signature": "{Qid:Q631094}@{count_ques_sub_type:1}@{count_ques_type:1}@{description:Quantitative|Count|Single entity type}@{entities:[u'Q631094']}@{is_incomplete:0}@{prop_Qid_par:Q740752}@{prop_res:P137}@{ques_type_id:7}@{relations:[u'P137']}@{speaker:USER}@{utterance:How many transport companies manages Bremen main station ?}", 
  "count_ques_type": 1, 
  "utterance": "How many transport companies manages Bremen main station ?", 
  "is_incomplete": 0
 }, 
 {
  "ans_list_full": [
   "Q18853", 
   "Q452140"
  ], 
  "entities": [], 
  "speaker": "SYSTEM", 
  "signature": "{active_set:[u'(Q631094,P137,c(Q740752))']}@{entities:[]}@{speaker:SYSTEM}@{utterance:2}", 
  "utterance": "2", 
  "active_set": [
   "(Q631094,P137,c(Q740752))"
  ]
 }, 
 {
  "ques_type_id": 7, 
  "description": "Quantitative|Count|Single entity type|Incomplete", 
  "relations": [
   "P137"
  ], 
  "count_ques_sub_type": 1, 
  "entities": [
   "Q18666287"
  ], 
  "speaker": "USER", 
  "signature": "{count_ques_sub_type:1}@{count_ques_type:1}@{description:Quantitative|Count|Single entity type|Incomplete}@{entities:[u'Q18666287']}@{is_incomplete:1}@{ques_type_id:7}@{relations:[u'P137']}@{speaker:USER}@{utterance:And how about Tanganyika Railway MK class?}", 
  "count_ques_type": 1, 
  "utterance": "And how about Tanganyika Railway MK class?", 
  "is_incomplete": 1
 }, 
 {
  "ans_list_full": [
   "Q1277719"
  ], 
  "entities": [], 
  "speaker": "SYSTEM", 
  "signature": "{active_set:[u'(Q18666287,P137,c(Q740752))']}@{entities:[]}@{speaker:SYSTEM}@{utterance:1}", 
  "utterance": "1", 
  "active_set": [
   "(Q18666287,P137,c(Q740752))"
  ]
 }
]