[
 {
  "ques_type_id": 1, 
  "description": "Simple Question", 
  "relations": [
   "P161"
  ], 
  "entities": [
   "Q572563"
  ], 
  "speaker": "USER", 
  "signature": "{Qid:Q572563}@{description:Simple Question}@{entities:[u'Q572563']}@{len(ans_list) > 1:True}@{prop_Qid_par:Q502895}@{prop_res:P161}@{ques_type_id:1}@{relations:[u'P161']}@{speaker:USER}@{utterance:Which people were casted in The 36th Chamber of Shaolin ?}", 
  "utterance": "Which people were casted in The 36th Chamber of Shaolin ?"
 }, 
 {
  "ans_list_full": [
   "Q1071583", 
   "Q707282"
  ], 
  "entities": [
   "Q1071583", 
   "Q707282"
  ], 
  "speaker": "SYSTEM", 
  "signature": "{active_set:[u'(Q572563,P161,c(Q502895))']}@{entities:[u'Q1071583', u'Q707282']}@{speaker:SYSTEM}@{utterance:Gordon Liu, Lo Lieh}", 
  "utterance": "Gordon Liu, Lo Lieh", 
  "active_set": [
   "(Q572563,P161,c(Q502895))"
  ]
 }, 
 {
  "ques_type_id": 2, 
  "description": "Simple Question|Mult. Entity|Indirect", 
  "sec_ques_sub_type": 4, 
  "relations": [
   "P161"
  ], 
  "entities": [
   "Q1071583", 
   "Q707282"
  ], 
  "speaker": "USER", 
  "sec_ques_type": 2, 
  "signature": "{Qid:Q707282}@{description:Simple Question|Mult. Entity|Indirect}@{entities:[u'Q1071583', u'Q707282']}@{prop_Qid_par:Q838948}@{prop_res:P161}@{ques_type_id:2}@{relations:[u'P161']}@{sec_ques_sub_type:4}@{sec_ques_type:2}@{speaker:USER}@{sub_list:[u'Q1071583', u'Q707282']}@{utterance:Which works of art stars Gordon Liu and Lo Lieh as actor ?}", 
  "utterance": "Which works of art stars Gordon Liu and Lo Lieh as actor ?"
 }, 
 {
  "ans_list_full": [
   "Q3295248", 
   "Q7744984", 
   "Q3331295", 
   "Q13424380", 
   "Q838900", 
   "Q7600872", 
   "Q3232502", 
   "Q168602", 
   "Q3225915", 
   "Q752051", 
   "Q2975411", 
   "Q56864", 
   "Q165325", 
   "Q572563", 
   "Q2896245", 
   "Q3331191", 
   "Q665847", 
   "Q937630", 
   "Q1061749", 
   "Q2984949", 
   "Q3040131", 
   "Q3959177", 
   "Q1090566", 
   "Q928019", 
   "Q584484", 
   "Q910896", 
   "Q1141125", 
   "Q7763658", 
   "Q3227207", 
   "Q4664258", 
   "Q3190284", 
   "Q5373940", 
   "Q3232502", 
   "Q937282", 
   "Q3225915", 
   "Q7457499", 
   "Q2975411", 
   "Q7735411", 
   "Q7801437", 
   "Q7734377", 
   "Q3521399", 
   "Q3227672", 
   "Q7317254", 
   "Q7919934", 
   "Q572563", 
   "Q343667", 
   "Q7444103", 
   "Q1077127", 
   "Q2706587", 
   "Q866656", 
   "Q3528294", 
   "Q3226414", 
   "Q1128197", 
   "Q3227822"
  ], 
  "entities": [
   "Q165325", 
   "Q1090566", 
   "Q168602"
  ], 
  "speaker": "SYSTEM", 
  "signature": "{active_set:[u'(c(Q838948),P161,Q1071583)', u'(c(Q838948),P161,Q707282)']}@{entities:[u'Q165325', u'Q1090566', u'Q168602']}@{speaker:SYSTEM}@{utterance:Kill Bill Volume 1, Flying Swords of Dragon Gate, The Man with the Iron Fists}", 
  "utterance": "Kill Bill Volume 1, Flying Swords of Dragon Gate, The Man with the Iron Fists", 
  "active_set": [
   "(c(Q838948),P161,Q1071583)", 
   "(c(Q838948),P161,Q707282)"
  ]
 }, 
 {
  "ques_type_id": 2, 
  "description": "Simple Question|Single Entity|Indirect", 
  "sec_ques_sub_type": 2, 
  "relations": [
   "P364"
  ], 
  "entities": [
   "Q168602"
  ], 
  "speaker": "USER", 
  "sec_ques_type": 1, 
  "signature": "{Qid:Q168602}@{description:Simple Question|Single Entity|Indirect}@{entities:[u'Q168602']}@{len(ans_list) > 1:False}@{prop_Qid_par:Q34770}@{prop_res:P364}@{ques_type_id:2}@{relations:[u'P364']}@{sec_ques_sub_type:2}@{sec_ques_type:1}@{speaker:USER}@{utterance:Which language was used originally for the creation of that work of art ?}", 
  "utterance": "Which language was used originally for the creation of that work of art ?"
 }, 
 {
  "ans_list_full": [
   "Q165325", 
   "Q1090566", 
   "Q168602"
  ], 
  "ques_type_id": 3, 
  "description": "Clarification for simple ques.", 
  "active_set": [
   "(Q165325,P364,c(Q34770))", 
   "(Q1090566,P364,c(Q34770))", 
   "(Q168602,P364,c(Q34770))"
  ], 
  "relations": [], 
  "entities": [
   "Q165325"
  ], 
  "speaker": "SYSTEM", 
  "signature": "{active_set:[u'(Q165325,P364,c(Q34770))', u'(Q1090566,P364,c(Q34770))', u'(Q168602,P364,c(Q34770))']}@{description:Clarification for simple ques.}@{entities:[u'Q165325']}@{ques_type_id:3}@{relations:[]}@{speaker:SYSTEM}@{utterance:Did you mean Kill Bill Volume 1 ?}", 
  "utterance": "Did you mean Kill Bill Volume 1 ?"
 }, 
 {
  "speaker": "USER", 
  "utterance": "No, I meant The Man with the Iron Fists. Could you tell me the answer for that?", 
  "entities": [
   "Q168602"
  ]
 }, 
 {
  "ans_list_full": [
   "Q1860"
  ], 
  "entities": [
   "Q1860"
  ], 
  "speaker": "SYSTEM", 
  "signature": "{active_set:[u'(Q168602,P364,c(Q34770))']}@{entities:[u'Q1860']}@{speaker:SYSTEM}@{utterance:English}", 
  "utterance": "English", 
  "active_set": [
   "(Q168602,P364,c(Q34770))"
  ]
 }, 
 {
  "ques_type_id": 7, 
  "description": "Comparative|Count over More/Less|Single entity type", 
  "speaker": "USER", 
  "relations": [
   "P282"
  ], 
  "count_ques_sub_type": 6, 
  "entities": [
   "Q321083"
  ], 
  "signature": "{Z:Q321083}@{count_ques_sub_type:6}@{count_ques_type:1}@{description:Comparative|Count over More/Less|Single entity type}@{entities:[u'Q321083']}@{is_incomplete:0}@{obj_par:Q2001982}@{prop_res:P282}@{qualifier_choice:approximately the same}@{ques_type_id:7}@{relations:[u'P282']}@{speaker:USER}@{sub_par:Q34770}@{utterance:How many notations are used as the scripts for approximately the same number of languages as Coptic alphabet ?}", 
  "count_ques_type": 1, 
  "utterance": "How many notations are used as the scripts for approximately the same number of languages as Coptic alphabet ?", 
  "is_incomplete": 0
 }, 
 {
  "ans_list_full": [
   "Q321083", 
   "Q13586477", 
   "Q187659", 
   "Q2479183"
  ], 
  "entities": [], 
  "speaker": "SYSTEM", 
  "signature": "{active_set:[u'(c(Q34770),P282,c(Q2001982))']}@{entities:[]}@{speaker:SYSTEM}@{utterance:4}", 
  "utterance": "4", 
  "active_set": [
   "(c(Q34770),P282,c(Q2001982))"
  ]
 }, 
 {
  "ques_type_id": 7, 
  "description": "Comparative|Count over More/Less|Single entity type|Incomplete", 
  "relations": [
   "P282"
  ], 
  "count_ques_sub_type": 6, 
  "entities": [
   "Q806024"
  ], 
  "speaker": "USER", 
  "signature": "{count_ques_sub_type:6}@{count_ques_type:1}@{description:Comparative|Count over More/Less|Single entity type|Incomplete}@{entities:[u'Q806024']}@{is_incomplete:1}@{ques_type_id:7}@{relations:[u'P282']}@{speaker:USER}@{utterance:And what about Bamum script?}", 
  "count_ques_type": 1, 
  "utterance": "And what about Bamum script?", 
  "is_incomplete": 1
 }, 
 {
  "ans_list_full": [
   "Q806024", 
   "Q790681", 
   "Q208503", 
   "Q187659"
  ], 
  "entities": [], 
  "speaker": "SYSTEM", 
  "signature": "{active_set:[u'(c(Q34770),P282,c(Q2001982))']}@{entities:[]}@{speaker:SYSTEM}@{utterance:4}", 
  "utterance": "4", 
  "active_set": [
   "(c(Q34770),P282,c(Q2001982))"
  ]
 }, 
 {
  "set_op_choice": 1, 
  "description": "Logical|Union|Single_Relation", 
  "ques_type_id": 4, 
  "entities": [
   "Q8229", 
   "Q1860"
  ], 
  "is_inc": 0, 
  "relations": [
   "P282"
  ], 
  "speaker": "USER", 
  "signature": "{Qid:Q8229}@{Qid_1:Q1860}@{description:Logical|Union|Single_Relation}@{entities:[u'Q8229', u'Q1860']}@{is_inc:0}@{is_mult_pid:False}@{is_sub:False}@{prop_Qid_par:Q34770}@{prop_res:P282}@{prop_res_1:P282}@{ques_type_id:4}@{relations:[u'P282']}@{set_op_choice:1}@{set_sub_oper:1}@{speaker:USER}@{utterance:Which languages are English or Latin script the writing system of ?}", 
  "utterance": "Which languages are English or Latin script the writing system of ?"
 }, 
 {
  "speaker": "SYSTEM", 
  "utterance": "The answer count is 33. Do you want to see all possibilities?"
 }, 
 {
  "speaker": "USER", 
  "utterance": "No, show only a few of them"
 }, 
 {
  "ans_list_full": [
   "Q7102906", 
   "Q20832", 
   "Q20831", 
   "Q402878", 
   "Q36708", 
   "Q36741", 
   "Q1133488", 
   "Q35505", 
   "Q21161949", 
   "Q187659", 
   "Q790681", 
   "Q1639124", 
   "Q33976", 
   "Q149838", 
   "Q36822", 
   "Q33879", 
   "Q7362035", 
   "Q35308", 
   "Q9056", 
   "Q8752", 
   "Q6047309", 
   "Q397", 
   "Q56512", 
   "Q25167", 
   "Q806024", 
   "Q25164", 
   "Q56982", 
   "Q208503", 
   "Q29977", 
   "Q36116", 
   "Q837985", 
   "Q7511561", 
   "Q33982"
  ], 
  "entities": [
   "Q36708", 
   "Q20832", 
   "Q1639124", 
   "Q36741", 
   "Q7511561", 
   "Q8752", 
   "Q29977", 
   "Q6047309", 
   "Q33879", 
   "Q25164"
  ], 
  "speaker": "SYSTEM", 
  "signature": "{active_set:[u'OR((c(Q34770),P282,Q1860), (c(Q34770),P282,Q8229))']}@{entities:[u'Q36708', u'Q20832', u'Q1639124', u'Q36741', u'Q7511561', u'Q8752', u'Q29977', u'Q6047309', u'Q33879', u'Q25164']}@{speaker:SYSTEM}@{utterance:Norn, Wailaki language, Slavoserbian, Polabian, Sierra Puebla Nahuatl, Basque, Gaulish, Central Nahuatl, Pangasinan language, Nynorsk}", 
  "utterance": "Norn, Wailaki language, Slavoserbian, Polabian, Sierra Puebla Nahuatl, Basque, Gaulish, Central Nahuatl, Pangasinan language, Nynorsk", 
  "active_set": [
   "OR((c(Q34770),P282,Q1860), (c(Q34770),P282,Q8229))"
  ]
 }, 
 {
  "set_op_choice": 2, 
  "description": "Logical|Intersection|Single_Relation", 
  "ques_type_id": 4, 
  "entities": [
   "Q8229", 
   "Q1860"
  ], 
  "is_inc": 0, 
  "relations": [
   "P282"
  ], 
  "speaker": "USER", 
  "signature": "{Qid:Q8229}@{Qid_1:Q1860}@{description:Logical|Intersection|Single_Relation}@{entities:[u'Q8229', u'Q1860']}@{is_inc:0}@{is_mult_pid:False}@{is_sub:False}@{prop_Qid_par:Q34770}@{prop_res:P282}@{prop_res_1:P282}@{ques_type_id:4}@{relations:[u'P282']}@{set_op_choice:2}@{set_sub_oper:1}@{speaker:USER}@{utterance:Which languages have writing system as English and Latin script ?}", 
  "utterance": "Which languages have writing system as English and Latin script ?"
 }, 
 {
  "ans_list_full": [
   "Q33879", 
   "Q20832", 
   "Q29977", 
   "Q36708", 
   "Q6047309", 
   "Q1639124", 
   "Q8752", 
   "Q7511561", 
   "Q36741", 
   "Q25164"
  ], 
  "entities": [
   "Q33879", 
   "Q20832", 
   "Q29977", 
   "Q36708", 
   "Q6047309", 
   "Q1639124", 
   "Q8752", 
   "Q7511561", 
   "Q36741", 
   "Q25164"
  ], 
  "speaker": "SYSTEM", 
  "signature": "{active_set:[u'AND((c(Q34770),P282,Q1860), (c(Q34770),P282,Q8229))']}@{entities:[u'Q33879', u'Q20832', u'Q29977', u'Q36708', u'Q6047309', u'Q1639124', u'Q8752', u'Q7511561', u'Q36741', u'Q25164']}@{speaker:SYSTEM}@{utterance:Pangasinan language, Wailaki language, Gaulish, Norn, Central Nahuatl, Slavoserbian, Basque, Sierra Puebla Nahuatl, Polabian, Nynorsk}", 
  "utterance": "Pangasinan language, Wailaki language, Gaulish, Norn, Central Nahuatl, Slavoserbian, Basque, Sierra Puebla Nahuatl, Polabian, Nynorsk", 
  "active_set": [
   "AND((c(Q34770),P282,Q1860), (c(Q34770),P282,Q8229))"
  ]
 }, 
 {
  "ques_type_id": 7, 
  "description": "Quantitative|Count over Atleast/ Atmost/ Approx. the same/Equal|Single entity type", 
  "speaker": "USER", 
  "relations": [
   "P282"
  ], 
  "count_ques_sub_type": 5, 
  "entities": [], 
  "signature": "{N:1}@{count_ques_sub_type:5}@{count_ques_type:1}@{description:Quantitative|Count over Atleast/ Atmost/ Approx. the same/Equal|Single entity type}@{entities:[]}@{is_incomplete:0}@{obj_par:Q2001982}@{prop_res:P282}@{qualifier_choice:approximately}@{ques_type_id:7}@{relations:[u'P282']}@{speaker:USER}@{sub_par:Q34770}@{utterance:How many notations are the writing systems used for approximately 1 language ?}", 
  "count_ques_type": 1, 
  "utterance": "How many notations are the writing systems used for approximately 1 language ?", 
  "is_incomplete": 0
 }, 
 {
  "ans_list_full": [
   "Q82772", 
   "Q3322653", 
   "Q1771716", 
   "Q790681"
  ], 
  "entities": [], 
  "speaker": "SYSTEM", 
  "signature": "{active_set:[u'(c(Q34770),P282,c(Q2001982))']}@{entities:[]}@{speaker:SYSTEM}@{utterance:4}", 
  "utterance": "4", 
  "active_set": [
   "(c(Q34770),P282,c(Q2001982))"
  ]
 }, 
 {
  "ques_type_id": 7, 
  "description": "Quantitative|Count|Single entity type", 
  "relations": [
   "P361"
  ], 
  "count_ques_sub_type": 1, 
  "entities": [
   "Q1860"
  ], 
  "speaker": "USER", 
  "signature": "{Qid:Q1860}@{count_ques_sub_type:1}@{count_ques_type:1}@{description:Quantitative|Count|Single entity type}@{entities:[u'Q1860']}@{is_incomplete:0}@{prop_Qid_par:Q5962346}@{prop_res:P361}@{ques_type_id:7}@{relations:[u'P361']}@{speaker:USER}@{utterance:How many classification schemes are English a component of ?}", 
  "count_ques_type": 1, 
  "utterance": "How many classification schemes are English a component of ?", 
  "is_incomplete": 0
 }, 
 {
  "ans_list_full": [
   "Q1346342", 
   "Q5329170"
  ], 
  "entities": [], 
  "speaker": "SYSTEM", 
  "signature": "{active_set:[u'(Q1860,P361,c(Q5962346))']}@{entities:[]}@{speaker:SYSTEM}@{utterance:2}", 
  "utterance": "2", 
  "active_set": [
   "(Q1860,P361,c(Q5962346))"
  ]
 }, 
 {
  "ques_type_id": 6, 
  "description": "Incomplete count-based ques", 
  "inc_ques_type": 3, 
  "relations": [], 
  "entities": [
   "Q568690"
  ], 
  "speaker": "USER", 
  "signature": "{description:Incomplete count-based ques}@{entities:[u'Q568690']}@{inc_ques_type:3}@{ques_type_id:6}@{relations:[]}@{speaker:USER}@{utterance:And also tell me about German submarine U-42?}", 
  "utterance": "And also tell me about German submarine U-42?"
 }, 
 {
  "ans_list_full": [], 
  "entities": [], 
  "speaker": "SYSTEM", 
  "signature": "{active_set:[u'(Q568690,P361,c(Q5962346))']}@{entities:[]}@{speaker:SYSTEM}@{utterance:1}", 
  "utterance": "1", 
  "active_set": [
   "(Q568690,P361,c(Q5962346))"
  ]
 }
]