[
 {
  "ques_type_id": 1, 
  "description": "Simple Question", 
  "relations": [
   "P520"
  ], 
  "entities": [
   "Q10515088"
  ], 
  "speaker": "USER", 
  "signature": "{Qid:Q10515088}@{description:Simple Question}@{entities:[u'Q10515088']}@{len(ans_list) > 1:False}@{prop_Qid_par:Q153556}@{prop_res:P520}@{ques_type_id:1}@{relations:[u'P520']}@{speaker:USER}@{utterance:What is the weapon used by HMS Regulus ?}", 
  "utterance": "What is the weapon used by HMS Regulus ?"
 }, 
 {
  "ans_list_full": [
   "Q1087978"
  ], 
  "entities": [
   "Q1087978"
  ], 
  "speaker": "SYSTEM", 
  "signature": "{active_set:[u'(Q10515088,P520,c(Q153556))']}@{entities:[u'Q1087978']}@{speaker:SYSTEM}@{utterance:Torpedo 61}", 
  "utterance": "Torpedo 61", 
  "active_set": [
   "(Q10515088,P520,c(Q153556))"
  ]
 }, 
 {
  "ques_type_id": 2, 
  "description": "Simple Question|Single Entity|Indirect", 
  "sec_ques_sub_type": 2, 
  "relations": [
   "P176"
  ], 
  "entities": [
   "Q1087978"
  ], 
  "speaker": "USER", 
  "sec_ques_type": 1, 
  "signature": "{Qid:Q1087978}@{description:Simple Question|Single Entity|Indirect}@{entities:[u'Q1087978']}@{len(ans_list) > 1:False}@{prop_Qid_par:Q874405}@{prop_res:P176}@{ques_type_id:2}@{relations:[u'P176']}@{sec_ques_sub_type:2}@{sec_ques_type:1}@{speaker:USER}@{utterance:Who is the manufacturer of that ranged weapon ?}", 
  "utterance": "Who is the manufacturer of that ranged weapon ?"
 }, 
 {
  "ans_list_full": [
   "Q10501533"
  ], 
  "entities": [
   "Q10501533"
  ], 
  "speaker": "SYSTEM", 
  "signature": "{active_set:[u'(Q1087978,P176,c(Q874405))']}@{entities:[u'Q10501533']}@{speaker:SYSTEM}@{utterance:FFV}", 
  "utterance": "FFV", 
  "active_set": [
   "(Q1087978,P176,c(Q874405))"
  ]
 }, 
 {
  "ques_type_id": 5, 
  "description": "Verification|3 entities, 2 direct, 2(direct) are query entities, subject is indirect", 
  "relations": [
   "P17"
  ], 
  "entities": [
   "Q10501533", 
   "Q7445835", 
   "Q58902"
  ], 
  "speaker": "USER", 
  "signature": "{Qid:Q10501533}@{bool_ques_type:5}@{description:Verification|3 entities, 2 direct, 2(direct) are query entities, subject is indirect}@{entities:[u'Q10501533', u'Q7445835', u'Q58902']}@{obj:Q7445835}@{obj2:Q58902}@{prop_Qid_par:Q15617994}@{prop_res:P17}@{ques_type_id:5}@{relations:[u'P17']}@{speaker:USER}@{utterance:Is that social group located in Seeley Union Elementary School District and Succivo ?}", 
  "bool_ques_type": 5, 
  "utterance": "Is that social group located in Seeley Union Elementary School District and Succivo ?"
 }, 
 {
  "ans_list_full": [], 
  "entities": [], 
  "speaker": "SYSTEM", 
  "signature": "{active_set:[u'(Q10501533,P17,Q7445835)', u'(Q10501533,P17,Q58902)']}@{entities:[]}@{speaker:SYSTEM}@{utterance:NO}", 
  "utterance": "NO", 
  "active_set": [
   "(Q10501533,P17,Q7445835)", 
   "(Q10501533,P17,Q58902)"
  ]
 }, 
 {
  "ques_type_id": 5, 
  "description": "Verification|2 entities, both direct", 
  "relations": [
   "P137"
  ], 
  "entities": [
   "Q1087978", 
   "Q1141396"
  ], 
  "speaker": "USER", 
  "signature": "{Qid:Q1087978}@{bool_ques_type:1}@{description:Verification|2 entities, both direct}@{entities:[u'Q1087978', u'Q1141396']}@{obj:Q1141396}@{prop_Qid_par:Q781132}@{prop_res:P137}@{ques_type_id:5}@{relations:[u'P137']}@{speaker:USER}@{utterance:Is Swedish Navy the facility operator of Torpedo 61 ?}", 
  "bool_ques_type": 1, 
  "utterance": "Is Swedish Navy the facility operator of Torpedo 61 ?"
 }, 
 {
  "ans_list_full": [], 
  "entities": [], 
  "speaker": "SYSTEM", 
  "signature": "{active_set:[u'(Q1087978,P137,Q1141396)']}@{entities:[]}@{speaker:SYSTEM}@{utterance:YES}", 
  "utterance": "YES", 
  "active_set": [
   "(Q1087978,P137,Q1141396)"
  ]
 }, 
 {
  "description": "Quantitative|Atleast/ Atmost/ Approx. the same/Equal|Mult. entity type", 
  "count_ques_type": 1, 
  "set_op": 1, 
  "ques_type_id": 8, 
  "relations": [
   "P520"
  ], 
  "count_ques_sub_type": 4, 
  "entities": [], 
  "speaker": "USER", 
  "signature": "{N:140}@{count_ques_sub_type:4}@{count_ques_type:1}@{description:Quantitative|Atleast/ Atmost/ Approx. the same/Equal|Mult. entity type}@{entities:[]}@{is_incomplete:0}@{obj_par:Q153556}@{prop_res:P520}@{qualifier_choice:atmost}@{ques_type_id:8}@{relations:[u'P520']}@{set_op:1}@{speaker:USER}@{sub_par_1:Q2235308}@{sub_par_2:Q20027951}@{utterance:Which ranged weapons are used as weapons by atmost 140 ship types and aircraft power classes ?}", 
  "is_incomplete": 0, 
  "utterance": "Which ranged weapons are used as weapons by atmost 140 ship types and aircraft power classes ?"
 }, 
 {
  "ans_list_full": [
   "Q1088886", 
   "Q603126", 
   "Q384792", 
   "Q4043728", 
   "Q3012635", 
   "Q3960580", 
   "Q457919", 
   "Q1899856", 
   "Q14911695", 
   "Q4688039", 
   "Q4403324", 
   "Q7826725", 
   "Q1132506", 
   "Q8059863", 
   "Q1087978"
  ], 
  "entities": [
   "Q1088886", 
   "Q4043728", 
   "Q3012635"
  ], 
  "speaker": "SYSTEM", 
  "signature": "{active_set:[u'(c(Q2235308)|c(Q20027951),P520,c(Q153556))']}@{entities:[u'Q1088886', u'Q4043728', u'Q3012635']}@{speaker:SYSTEM}@{utterance:Mark 44, Mark 43, Torpedo 613}", 
  "utterance": "Mark 44, Mark 43, Torpedo 613", 
  "active_set": [
   "(c(Q2235308)|c(Q20027951),P520,c(Q153556))"
  ]
 }, 
 {
  "ques_type_id": 7, 
  "description": "Quantitative|Atleast/ Atmost/ Approx. the same/Equal|Single entity type", 
  "speaker": "USER", 
  "relations": [
   "P138"
  ], 
  "count_ques_sub_type": 3, 
  "entities": [], 
  "signature": "{N:1}@{count_ques_sub_type:3}@{count_ques_type:1}@{description:Quantitative|Atleast/ Atmost/ Approx. the same/Equal|Single entity type}@{entities:[]}@{is_incomplete:0}@{obj_par:Q2235308}@{prop_res:P138}@{qualifier_choice:atmost}@{ques_type_id:7}@{relations:[u'P138']}@{speaker:USER}@{sub_par:Q874405}@{utterance:Which ship types are the etymology of atmost 1 social group ?}", 
  "count_ques_type": 1, 
  "utterance": "Which ship types are the etymology of atmost 1 social group ?", 
  "is_incomplete": 0
 }, 
 {
  "ans_list_full": [
   "Q4052218", 
   "Q827424", 
   "Q15444128", 
   "Q2469372", 
   "Q43464", 
   "Q9137721", 
   "Q7867003", 
   "Q7867000", 
   "Q5972684", 
   "Q609925", 
   "Q6127462", 
   "Q5633568", 
   "Q175437", 
   "Q5228097", 
   "Q1898494", 
   "Q4369538", 
   "Q2301794", 
   "Q3737315", 
   "Q1419883", 
   "Q4410121", 
   "Q1483548", 
   "Q1887991", 
   "Q4442824", 
   "Q5631590", 
   "Q13728696", 
   "Q2709917", 
   "Q475540", 
   "Q107900", 
   "Q2070201", 
   "Q727245", 
   "Q3278681", 
   "Q428341", 
   "Q16573", 
   "Q1564571", 
   "Q2573281", 
   "Q14950169", 
   "Q18691244", 
   "Q10513231", 
   "Q680257", 
   "Q1968832", 
   "Q5634553", 
   "Q819361", 
   "Q2008002", 
   "Q7869595", 
   "Q812102", 
   "Q19303904", 
   "Q496778", 
   "Q548745", 
   "Q1117331", 
   "Q5635044", 
   "Q5633707", 
   "Q4291176", 
   "Q6109002", 
   "Q11457293", 
   "Q2123826", 
   "Q10513226", 
   "Q10513227", 
   "Q10513221", 
   "Q14565078", 
   "Q4355074", 
   "Q2981505", 
   "Q9353884", 
   "Q698414", 
   "Q5633942", 
   "Q3947217", 
   "Q677346", 
   "Q4993491", 
   "Q155222", 
   "Q262899", 
   "Q752939", 
   "Q18921160", 
   "Q7874569", 
   "Q2290619", 
   "Q5473685", 
   "Q339124", 
   "Q3224180", 
   "Q9284810", 
   "Q2342404", 
   "Q12766634", 
   "Q1500360", 
   "Q1032037", 
   "Q623070", 
   "Q477173", 
   "Q10862664", 
   "Q5633971", 
   "Q16846235", 
   "Q46195", 
   "Q3006680", 
   "Q1920904", 
   "Q912950", 
   "Q673840", 
   "Q3237833", 
   "Q7868281", 
   "Q1254229", 
   "Q168165", 
   "Q11679476", 
   "Q1129569", 
   "Q10862679", 
   "Q3604134", 
   "Q7866735", 
   "Q118203", 
   "Q513634", 
   "Q749820", 
   "Q3798336", 
   "Q729875", 
   "Q960276", 
   "Q3621539", 
   "Q19801858", 
   "Q10515280", 
   "Q10515285", 
   "Q574063", 
   "Q615525", 
   "Q4727706", 
   "Q920520", 
   "Q3927914", 
   "Q1032062", 
   "Q2252131", 
   "Q11707318", 
   "Q7277388", 
   "Q7277387", 
   "Q5632696", 
   "Q1565648", 
   "Q1324247", 
   "Q390455", 
   "Q659894", 
   "Q1152088", 
   "Q10862685", 
   "Q7871779", 
   "Q2207152", 
   "Q2543125", 
   "Q2713873", 
   "Q18760843", 
   "Q324809", 
   "Q7432747", 
   "Q839203", 
   "Q14493958", 
   "Q289870", 
   "Q11707944", 
   "Q5636029", 
   "Q557286", 
   "Q8408069", 
   "Q730273", 
   "Q702335", 
   "Q18762809", 
   "Q10513099", 
   "Q11269215", 
   "Q13376303", 
   "Q6141293", 
   "Q3013847", 
   "Q11262560", 
   "Q2707962", 
   "Q5632389", 
   "Q4352699", 
   "Q5630820", 
   "Q2258930", 
   "Q255306", 
   "Q5634951", 
   "Q765514", 
   "Q2608583", 
   "Q389965", 
   "Q274924", 
   "Q10513085", 
   "Q4109990", 
   "Q6011826", 
   "Q331745", 
   "Q1408520", 
   "Q7198244", 
   "Q5634817", 
   "Q3903735", 
   "Q820879", 
   "Q2311446", 
   "Q1502183", 
   "Q7870889", 
   "Q755358", 
   "Q3206808", 
   "Q5472679", 
   "Q3225605", 
   "Q1258451", 
   "Q543302", 
   "Q16496700", 
   "Q11868642", 
   "Q1078399", 
   "Q1328905", 
   "Q3411691", 
   "Q2208180", 
   "Q5634804", 
   "Q3614442", 
   "Q2121074", 
   "Q7867597", 
   "Q1752985", 
   "Q2377914", 
   "Q2283194", 
   "Q686751", 
   "Q1483636", 
   "Q4958923", 
   "Q2992278", 
   "Q7866115", 
   "Q372672", 
   "Q1708772", 
   "Q3940407", 
   "Q1930867", 
   "Q1552451", 
   "Q681339", 
   "Q2717194", 
   "Q463161", 
   "Q1474340", 
   "Q1564228", 
   "Q1473375", 
   "Q838125", 
   "Q4026798", 
   "Q7024076", 
   "Q4882507", 
   "Q1797485", 
   "Q907779", 
   "Q10884907", 
   "Q1138094", 
   "Q505312", 
   "Q1047321", 
   "Q4386720", 
   "Q15621165", 
   "Q194096", 
   "Q3905677", 
   "Q3273486", 
   "Q3061861", 
   "Q2206996", 
   "Q7870497", 
   "Q11660152", 
   "Q449016", 
   "Q3750543", 
   "Q9364207", 
   "Q3427401", 
   "Q1444474", 
   "Q210651", 
   "Q1232851", 
   "Q19800534", 
   "Q678015", 
   "Q655030", 
   "Q1812747", 
   "Q10513230", 
   "Q888842", 
   "Q11707534", 
   "Q152179", 
   "Q576829", 
   "Q4346742", 
   "Q498614", 
   "Q3840157", 
   "Q1476140", 
   "Q3839602", 
   "Q1136398", 
   "Q18713207", 
   "Q5632924", 
   "Q10515274", 
   "Q10515272", 
   "Q6138862", 
   "Q7866980", 
   "Q3687436", 
   "Q5632178", 
   "Q3563939", 
   "Q74858", 
   "Q11416678", 
   "Q4383934", 
   "Q7866572", 
   "Q2712235", 
   "Q155159", 
   "Q4352977", 
   "Q1564604", 
   "Q10515261", 
   "Q7868365", 
   "Q5601951", 
   "Q14509227", 
   "Q6141010", 
   "Q512615", 
   "Q838148", 
   "Q358971", 
   "Q5631537", 
   "Q824787", 
   "Q464370", 
   "Q1046629", 
   "Q6158589", 
   "Q1303926", 
   "Q10515256", 
   "Q116335", 
   "Q1141369", 
   "Q2269717", 
   "Q190542", 
   "Q221796", 
   "Q1475511", 
   "Q9332479", 
   "Q2837649", 
   "Q7604010", 
   "Q2349208", 
   "Q283452", 
   "Q4301093", 
   "Q4206524", 
   "Q10515026", 
   "Q2703331", 
   "Q119397", 
   "Q477460", 
   "Q10513104", 
   "Q978671", 
   "Q11151506", 
   "Q15117029", 
   "Q899710", 
   "Q82257", 
   "Q588644", 
   "Q5971123", 
   "Q804091", 
   "Q2704642", 
   "Q7391608", 
   "Q10515051", 
   "Q911858", 
   "Q5397127", 
   "Q187622", 
   "Q1469689", 
   "Q5630379", 
   "Q32770", 
   "Q32771", 
   "Q3395651", 
   "Q2506862", 
   "Q694474", 
   "Q1473898", 
   "Q312224", 
   "Q648831", 
   "Q4347031", 
   "Q5631646", 
   "Q5631645", 
   "Q5631640", 
   "Q554838", 
   "Q3274010", 
   "Q925439", 
   "Q6142192", 
   "Q4352629", 
   "Q16109063", 
   "Q4386686", 
   "Q827360", 
   "Q1372001", 
   "Q179246", 
   "Q9364230", 
   "Q10884889", 
   "Q10884888", 
   "Q10884884", 
   "Q10513127", 
   "Q7867565", 
   "Q1062925", 
   "Q4352812", 
   "Q21152409", 
   "Q1258270", 
   "Q5502108", 
   "Q705582", 
   "Q562674", 
   "Q19364025", 
   "Q10515073", 
   "Q5630713", 
   "Q5632563", 
   "Q13422371", 
   "Q10884898", 
   "Q10884899", 
   "Q10884891", 
   "Q4290731", 
   "Q1117730", 
   "Q5634182", 
   "Q4273218", 
   "Q16223597", 
   "Q1778372", 
   "Q7872159", 
   "Q10513165", 
   "Q201639", 
   "Q10515060", 
   "Q1347693", 
   "Q158427", 
   "Q2704292", 
   "Q5633629", 
   "Q2638679", 
   "Q2166261", 
   "Q3544580", 
   "Q5634082", 
   "Q15179941", 
   "Q321007", 
   "Q1065337", 
   "Q4290724", 
   "Q3124982", 
   "Q4057885", 
   "Q4571916", 
   "Q7867304", 
   "Q1266647", 
   "Q1572254", 
   "Q7391649", 
   "Q5631849", 
   "Q1761672", 
   "Q1431226", 
   "Q10515189", 
   "Q10515188", 
   "Q10515187", 
   "Q7277328", 
   "Q1971215", 
   "Q7391557", 
   "Q1422739", 
   "Q1500444", 
   "Q5631471", 
   "Q1668136", 
   "Q567416", 
   "Q1479687", 
   "Q4040071", 
   "Q1881852", 
   "Q1881850", 
   "Q228680", 
   "Q3771903", 
   "Q2116640", 
   "Q388075", 
   "Q2029488", 
   "Q7866225", 
   "Q9367948", 
   "Q2654409", 
   "Q35926", 
   "Q689046", 
   "Q7875718", 
   "Q4040064", 
   "Q2557371", 
   "Q446316", 
   "Q847233", 
   "Q280710", 
   "Q3544577", 
   "Q215010", 
   "Q18760894", 
   "Q4040081", 
   "Q156962", 
   "Q2273174", 
   "Q2829090", 
   "Q656632", 
   "Q10515173", 
   "Q1545526", 
   "Q10513296", 
   "Q10513290", 
   "Q2468207", 
   "Q2494128", 
   "Q1324124", 
   "Q6144457", 
   "Q3314897", 
   "Q21735946", 
   "Q19169440", 
   "Q46264", 
   "Q19013671", 
   "Q476096", 
   "Q9385256", 
   "Q7871181", 
   "Q52901", 
   "Q175967", 
   "Q2371", 
   "Q5495178", 
   "Q4040220", 
   "Q1546204", 
   "Q4346763", 
   "Q6158554", 
   "Q1262390", 
   "Q1052831", 
   "Q15104547", 
   "Q5631274", 
   "Q4300728", 
   "Q27454", 
   "Q150857", 
   "Q857891", 
   "Q1564158", 
   "Q2448527", 
   "Q1564997", 
   "Q1139653", 
   "Q18760834", 
   "Q959845", 
   "Q2573043", 
   "Q137256", 
   "Q900379", 
   "Q4358483", 
   "Q10515162", 
   "Q5730112", 
   "Q704128", 
   "Q5629241", 
   "Q5633694", 
   "Q2094314", 
   "Q141667", 
   "Q75035", 
   "Q5631243", 
   "Q661264", 
   "Q6159079", 
   "Q192381", 
   "Q5634305", 
   "Q18760824", 
   "Q10493454", 
   "Q10515155", 
   "Q3748278", 
   "Q143615", 
   "Q5972671", 
   "Q4353591", 
   "Q1548116", 
   "Q5631836", 
   "Q1564757", 
   "Q2490432", 
   "Q7408497", 
   "Q698468", 
   "Q3007443", 
   "Q5206186", 
   "Q18162952", 
   "Q4351939", 
   "Q2116259", 
   "Q311245", 
   "Q4351305", 
   "Q5632411", 
   "Q5632418", 
   "Q1236027", 
   "Q167085", 
   "Q10712138", 
   "Q2859286", 
   "Q5634498", 
   "Q705804", 
   "Q10513243", 
   "Q4040143", 
   "Q2557165", 
   "Q5632025", 
   "Q7391565", 
   "Q18760809", 
   "Q523960", 
   "Q128472", 
   "Q730305", 
   "Q934571", 
   "Q10513279", 
   "Q2454760", 
   "Q3015138", 
   "Q1351895", 
   "Q10862600", 
   "Q5631498", 
   "Q5632611", 
   "Q1071182", 
   "Q4351910", 
   "Q6319364", 
   "Q15275627", 
   "Q19799542", 
   "Q5631940", 
   "Q558429", 
   "Q2259226", 
   "Q4801479", 
   "Q7870667", 
   "Q2384053", 
   "Q3699672", 
   "Q5630245", 
   "Q2207272", 
   "Q688532", 
   "Q2060512", 
   "Q26674641", 
   "Q820478", 
   "Q46266", 
   "Q14852061", 
   "Q4346186", 
   "Q4040126", 
   "Q18760862", 
   "Q2623266", 
   "Q1602430", 
   "Q10884878", 
   "Q3424471", 
   "Q1373432", 
   "Q820669", 
   "Q2301492", 
   "Q1125602", 
   "Q2038001", 
   "Q574079", 
   "Q10706637", 
   "Q5634350", 
   "Q2008029", 
   "Q1565629", 
   "Q210223", 
   "Q25653"
  ], 
  "entities": [
   "Q4442824", 
   "Q280710", 
   "Q1444474"
  ], 
  "speaker": "SYSTEM", 
  "signature": "{active_set:[u'(c(Q874405),P138,c(Q2235308))']}@{entities:[u'Q4442824', u'Q280710', u'Q1444474']}@{speaker:SYSTEM}@{utterance:HMS Spica, HMS Invincible, HMS Queen Elizabeth}", 
  "utterance": "HMS Spica, HMS Invincible, HMS Queen Elizabeth", 
  "active_set": [
   "(c(Q874405),P138,c(Q2235308))"
  ]
 }, 
 {
  "set_op": 2, 
  "ques_type_id": 8, 
  "description": "Quantitative|Count|Logical operators", 
  "relations": [
   "P287"
  ], 
  "count_ques_sub_type": 2, 
  "entities": [
   "Q1088886"
  ], 
  "speaker": "USER", 
  "signature": "{Qid:Q1088886}@{count_ques_sub_type:2}@{count_ques_type:1}@{description:Quantitative|Count|Logical operators}@{entities:[u'Q1088886']}@{is_incomplete:0}@{obj_par_1:Q781132}@{obj_par_2:Q43229}@{prop_res:P287}@{ques_type_id:8}@{relations:[u'P287']}@{set_op:2}@{speaker:USER}@{utterance:How many military branches or organizations are the creator of the design for Mark 44 ?}", 
  "count_ques_type": 1, 
  "utterance": "How many military branches or organizations are the creator of the design for Mark 44 ?", 
  "is_incomplete": 0
 }, 
 {
  "ans_list_full": [
   "Q11220", 
   "Q54173"
  ], 
  "entities": [], 
  "speaker": "SYSTEM", 
  "signature": "{active_set:[u'(Q1088886,P287,c(Q781132))', u'(Q1088886,P287,c(Q43229))']}@{entities:[]}@{speaker:SYSTEM}@{utterance:2}", 
  "utterance": "2", 
  "active_set": [
   "(Q1088886,P287,c(Q781132))", 
   "(Q1088886,P287,c(Q43229))"
  ]
 }, 
 {
  "ques_type_id": 7, 
  "description": "Quantitative|Atleast/ Atmost/ Approx. the same/Equal|Single entity type", 
  "speaker": "USER", 
  "relations": [
   "P532"
  ], 
  "count_ques_sub_type": 3, 
  "entities": [], 
  "signature": "{N:1}@{count_ques_sub_type:3}@{count_ques_type:1}@{description:Quantitative|Atleast/ Atmost/ Approx. the same/Equal|Single entity type}@{entities:[]}@{is_incomplete:0}@{obj_par:Q515}@{prop_res:P532}@{qualifier_choice:atleast}@{ques_type_id:7}@{relations:[u'P532']}@{speaker:USER}@{sub_par:Q2235308}@{utterance:What are the port of registry of atleast 1 ship type ?}", 
  "count_ques_type": 1, 
  "utterance": "What are the port of registry of atleast 1 ship type ?", 
  "is_incomplete": 0
 }, 
 {
  "ans_list_full": [
   "Q1773", 
   "Q23482", 
   "Q1410", 
   "Q2706", 
   "Q606212", 
   "Q3857"
  ], 
  "entities": [
   "Q1773", 
   "Q23482", 
   "Q2706"
  ], 
  "speaker": "SYSTEM", 
  "signature": "{active_set:[u'(c(Q2235308),P532,c(Q515))']}@{entities:[u'Q1773', u'Q23482', u'Q2706']}@{speaker:SYSTEM}@{utterance:Riga, Marseille, Bremerhaven}", 
  "utterance": "Riga, Marseille, Bremerhaven", 
  "active_set": [
   "(c(Q2235308),P532,c(Q515))"
  ]
 }, 
 {
  "description": "Quantitative|Atleast/ Atmost/ Approx. the same/Equal|Mult. entity type", 
  "count_ques_type": 1, 
  "set_op": 2, 
  "ques_type_id": 8, 
  "relations": [
   "P520"
  ], 
  "count_ques_sub_type": 4, 
  "entities": [], 
  "speaker": "USER", 
  "signature": "{N:17}@{count_ques_sub_type:4}@{count_ques_type:1}@{description:Quantitative|Atleast/ Atmost/ Approx. the same/Equal|Mult. entity type}@{entities:[]}@{is_incomplete:0}@{obj_par:Q153556}@{prop_res:P520}@{qualifier_choice:atleast}@{ques_type_id:8}@{relations:[u'P520']}@{set_op:2}@{speaker:USER}@{sub_par_1:Q2235308}@{sub_par_2:Q1875621}@{utterance:Which ranged weapons are used as weapons by atleast 17 ship types or aircraft classes ?}", 
  "is_incomplete": 0, 
  "utterance": "Which ranged weapons are used as weapons by atleast 17 ship types or aircraft classes ?"
 }, 
 {
  "ans_list_full": [
   "Q14911695", 
   "Q1194008", 
   "Q1087978"
  ], 
  "entities": [
   "Q14911695", 
   "Q1194008", 
   "Q1087978"
  ], 
  "speaker": "SYSTEM", 
  "signature": "{active_set:[u'(c(Q2235308)|c(Q1875621),P520,c(Q153556))']}@{entities:[u'Q14911695', u'Q1194008', u'Q1087978']}@{speaker:SYSTEM}@{utterance:Torpedo 45, Mark 48 torpedo, Torpedo 61}", 
  "utterance": "Torpedo 45, Mark 48 torpedo, Torpedo 61", 
  "active_set": [
   "(c(Q2235308)|c(Q1875621),P520,c(Q153556))"
  ]
 }
]