[
 {
  "ques_type_id": 1, 
  "description": "Simple Question", 
  "relations": [
   "P136"
  ], 
  "entities": [
   "Q3521323"
  ], 
  "speaker": "USER", 
  "signature": "{Qid:Q3521323}@{description:Simple Question}@{entities:[u'Q3521323']}@{len(ans_list) > 1:False}@{prop_Qid_par:Q483394}@{prop_res:P136}@{ques_type_id:1}@{relations:[u'P136']}@{speaker:USER}@{utterance:What can be considered as category for The House of 72 Tenants ?}", 
  "utterance": "What can be considered as category for The House of 72 Tenants ?"
 }, 
 {
  "ans_list_full": [
   "Q859369"
  ], 
  "entities": [
   "Q859369"
  ], 
  "speaker": "SYSTEM", 
  "signature": "{active_set:[u'(Q3521323,P136,c(Q483394))']}@{entities:[u'Q859369']}@{speaker:SYSTEM}@{utterance:comedy-drama}", 
  "utterance": "comedy-drama", 
  "active_set": [
   "(Q3521323,P136,c(Q483394))"
  ]
 }, 
 {
  "description": "Quantitative|Min/Max|Mult. entity type", 
  "count_ques_type": 1, 
  "set_op": 2, 
  "ques_type_id": 8, 
  "relations": [
   "P135"
  ], 
  "count_ques_sub_type": 3, 
  "entities": [], 
  "speaker": "USER", 
  "signature": "{count_ques_sub_type:3}@{count_ques_type:1}@{description:Quantitative|Min/Max|Mult. entity type}@{entities:[]}@{is_incomplete:0}@{obj_par:Q483394}@{prop_res:P135}@{qualifier_choice:min}@{ques_type_id:8}@{relations:[u'P135']}@{set_op:2}@{speaker:USER}@{sub_par_1:Q340169}@{sub_par_2:Q3305213}@{utterance:Which genres did min number of medias or paintings belong to}", 
  "is_incomplete": 0, 
  "utterance": "Which genres did min number of medias or paintings belong to"
 }, 
 {
  "ans_list_full": [
   "Q1128018"
  ], 
  "entities": [
   "Q1128018"
  ], 
  "speaker": "SYSTEM", 
  "signature": "{active_set:[u'(c(Q340169)|c(Q3305213),P135,Q1128018)']}@{entities:[u'Q1128018']}@{speaker:SYSTEM}@{utterance:pastiche}", 
  "utterance": "pastiche", 
  "active_set": [
   "(c(Q340169)|c(Q3305213),P135,Q1128018)"
  ]
 }, 
 {
  "ques_type_id": 5, 
  "relations": [
   "P135"
  ], 
  "entities": [
   "Q1128018", 
   "Q4909078"
  ], 
  "speaker": "USER", 
  "signature": "{Qid:Q1128018}@{bool_ques_type:3}@{description:Verification|2 entities, one direct and one indirect, object is indirect}@{entities:[u'Q1128018', u'Q4909078']}@{prop_Qid_par:Q502895}@{prop_res:P135}@{ques_type_id:5}@{relations:[u'P135']}@{speaker:USER}@{sub:Q4909078}@{utterance:Is Bill Gallaher associated with that genre ?}", 
  "bool_ques_type": 3, 
  "utterance": "Is Bill Gallaher associated with that genre ?", 
  "description": "Verification|2 entities, one direct and one indirect, object is indirect"
 }, 
 {
  "ans_list_full": [], 
  "entities": [], 
  "speaker": "SYSTEM", 
  "signature": "{active_set:[u'(Q4909078,P135,Q1128018)']}@{entities:[]}@{speaker:SYSTEM}@{utterance:NO}", 
  "utterance": "NO", 
  "active_set": [
   "(Q4909078,P135,Q1128018)"
  ]
 }, 
 {
  "description": "Comparative|Count over More/Less|Mult. entity type", 
  "count_ques_type": 1, 
  "set_op": 1, 
  "ques_type_id": 8, 
  "relations": [
   "P101"
  ], 
  "count_ques_sub_type": 7, 
  "entities": [
   "Q142714"
  ], 
  "speaker": "USER", 
  "signature": "{Z:Q142714}@{count_ques_sub_type:7}@{count_ques_type:1}@{description:Comparative|Count over More/Less|Mult. entity type}@{entities:[u'Q142714']}@{is_incomplete:0}@{obj_par:Q483394}@{prop_res:P101}@{qualifier_choice:approximately the same}@{ques_type_id:8}@{relations:[u'P101']}@{set_op:1}@{speaker:USER}@{sub_par_1:Q43229}@{sub_par_2:Q502895}@{utterance:How many genres are the area of approximately the same number of organizations and people as card game ?}", 
  "is_incomplete": 0, 
  "utterance": "How many genres are the area of approximately the same number of organizations and people as card game ?"
 }, 
 {
  "ans_list_full": [
   "Q142714", 
   "Q678649", 
   "Q482919", 
   "Q506858", 
   "Q213156", 
   "Q622812", 
   "Q650483", 
   "Q3566966", 
   "Q2293082", 
   "Q208189", 
   "Q3739535", 
   "Q995600", 
   "Q128115", 
   "Q8253", 
   "Q17516", 
   "Q213051", 
   "Q15852218", 
   "Q128758", 
   "Q291", 
   "Q737498", 
   "Q156035", 
   "Q1127717", 
   "Q134307", 
   "Q212431", 
   "Q1421557", 
   "Q2142888", 
   "Q754803", 
   "Q24925", 
   "Q2125867", 
   "Q2762504", 
   "Q860372", 
   "Q1078913", 
   "Q422635", 
   "Q9134"
  ], 
  "entities": [], 
  "speaker": "SYSTEM", 
  "signature": "{active_set:[u'(c(Q43229)|c(Q502895),P101,c(Q483394))']}@{entities:[]}@{speaker:SYSTEM}@{utterance:34}", 
  "utterance": "34", 
  "active_set": [
   "(c(Q43229)|c(Q502895),P101,c(Q483394))"
  ]
 }, 
 {
  "set_op": 1, 
  "ques_type_id": 8, 
  "description": "Comparative|Count over More/Less|Mult. entity type|Incomplete", 
  "relations": [
   "P101"
  ], 
  "count_ques_sub_type": 7, 
  "entities": [
   "Q650483"
  ], 
  "speaker": "USER", 
  "signature": "{count_ques_sub_type:7}@{count_ques_type:1}@{description:Comparative|Count over More/Less|Mult. entity type|Incomplete}@{entities:[u'Q650483']}@{is_incomplete:1}@{ques_type_id:8}@{relations:[u'P101']}@{set_op:1}@{speaker:USER}@{utterance:And also tell me about sports journalism?}", 
  "count_ques_type": 1, 
  "utterance": "And also tell me about sports journalism?", 
  "is_incomplete": 1
 }, 
 {
  "ans_list_full": [
   "Q650483", 
   "Q124922", 
   "Q2142888", 
   "Q134307", 
   "Q15852218", 
   "Q8253", 
   "Q291", 
   "Q156035", 
   "Q3566966", 
   "Q24925", 
   "Q192110", 
   "Q208189", 
   "Q1421557", 
   "Q212431", 
   "Q506858", 
   "Q1078913", 
   "Q2839016", 
   "Q213051", 
   "Q2293082", 
   "Q860372", 
   "Q181001", 
   "Q2125867", 
   "Q422635", 
   "Q995600", 
   "Q627603", 
   "Q9134", 
   "Q49084", 
   "Q482919", 
   "Q2762504", 
   "Q128758", 
   "Q3739535", 
   "Q737498", 
   "Q678649"
  ], 
  "entities": [], 
  "speaker": "SYSTEM", 
  "signature": "{active_set:[u'(c(Q43229)|c(Q502895),P101,c(Q483394))']}@{entities:[]}@{speaker:SYSTEM}@{utterance:33}", 
  "utterance": "33", 
  "active_set": [
   "(c(Q43229)|c(Q502895),P101,c(Q483394))"
  ]
 }, 
 {
  "ques_type_id": 2, 
  "description": "Simple Question|Single Entity", 
  "sec_ques_sub_type": 1, 
  "relations": [
   "P58"
  ], 
  "entities": [
   "Q3521323"
  ], 
  "speaker": "USER", 
  "sec_ques_type": 1, 
  "signature": "{Qid:Q3521323}@{description:Simple Question|Single Entity}@{entities:[u'Q3521323']}@{len(ans_list) > 1:False}@{prop_Qid_par:Q502895}@{prop_res:P58}@{ques_type_id:2}@{relations:[u'P58']}@{sec_ques_sub_type:1}@{sec_ques_type:1}@{speaker:USER}@{utterance:Who served as the screenwriter for The House of 72 Tenants ?}", 
  "utterance": "Who served as the screenwriter for The House of 72 Tenants ?"
 }, 
 {
  "ans_list_full": [
   "Q710875"
  ], 
  "entities": [
   "Q710875"
  ], 
  "speaker": "SYSTEM", 
  "signature": "{active_set:[u'(Q3521323,P58,c(Q502895))']}@{entities:[u'Q710875']}@{speaker:SYSTEM}@{utterance:Chor Yuen}", 
  "utterance": "Chor Yuen", 
  "active_set": [
   "(Q3521323,P58,c(Q502895))"
  ]
 }, 
 {
  "ques_type_id": 2, 
  "description": "Simple Question|Single Entity", 
  "sec_ques_sub_type": 1, 
  "relations": [
   "P86"
  ], 
  "entities": [
   "Q3521323"
  ], 
  "speaker": "USER", 
  "sec_ques_type": 1, 
  "signature": "{Qid:Q3521323}@{description:Simple Question|Single Entity}@{entities:[u'Q3521323']}@{len(ans_list) > 1:False}@{prop_Qid_par:Q502895}@{prop_res:P86}@{ques_type_id:2}@{relations:[u'P86']}@{sec_ques_sub_type:1}@{sec_ques_type:1}@{speaker:USER}@{utterance:Who did the compostion for The House of 72 Tenants ?}", 
  "utterance": "Who did the compostion for The House of 72 Tenants ?"
 }, 
 {
  "ans_list_full": [
   "Q5490946"
  ], 
  "entities": [
   "Q5490946"
  ], 
  "speaker": "SYSTEM", 
  "signature": "{active_set:[u'(Q3521323,P86,c(Q502895))']}@{entities:[u'Q5490946']}@{speaker:SYSTEM}@{utterance:Frankie Chan}", 
  "utterance": "Frankie Chan", 
  "active_set": [
   "(Q3521323,P86,c(Q502895))"
  ]
 }, 
 {
  "ques_type_id": 5, 
  "description": "Verification|2 entities, one direct and one indirect, subject is indirect", 
  "relations": [
   "P27"
  ], 
  "entities": [
   "Q5490946", 
   "Q148"
  ], 
  "speaker": "USER", 
  "signature": "{Qid:Q5490946}@{bool_ques_type:2}@{description:Verification|2 entities, one direct and one indirect, subject is indirect}@{entities:[u'Q5490946', u'Q148']}@{obj:Q148}@{prop_Qid_par:Q15617994}@{prop_res:P27}@{ques_type_id:5}@{relations:[u'P27']}@{speaker:USER}@{utterance:Is that person a civilian of People's Republic of China ?}", 
  "bool_ques_type": 2, 
  "utterance": "Is that person a civilian of People's Republic of China ?"
 }, 
 {
  "ans_list_full": [], 
  "entities": [], 
  "speaker": "SYSTEM", 
  "signature": "{active_set:[u'(Q5490946,P27,Q148)']}@{entities:[]}@{speaker:SYSTEM}@{utterance:YES}", 
  "utterance": "YES", 
  "active_set": [
   "(Q5490946,P27,Q148)"
  ]
 }, 
 {
  "ques_type_id": 7, 
  "description": "Quantitative|Count over Atleast/ Atmost/ Approx. the same/Equal|Single entity type", 
  "speaker": "USER", 
  "relations": [
   "P1303"
  ], 
  "count_ques_sub_type": 5, 
  "entities": [], 
  "signature": "{N:1450}@{count_ques_sub_type:5}@{count_ques_type:1}@{description:Quantitative|Count over Atleast/ Atmost/ Approx. the same/Equal|Single entity type}@{entities:[]}@{is_incomplete:0}@{obj_par:Q34379}@{prop_res:P1303}@{qualifier_choice:atmost}@{ques_type_id:7}@{relations:[u'P1303']}@{speaker:USER}@{sub_par:Q502895}@{utterance:How many musical instruments are played by atmost 1450 people ?}", 
  "count_ques_type": 1, 
  "utterance": "How many musical instruments are played by atmost 1450 people ?", 
  "is_incomplete": 0
 }, 
 {
  "ans_list_full": [
   "Q80019", 
   "Q201129", 
   "Q173453", 
   "Q120585", 
   "Q890073", 
   "Q742180", 
   "Q644440", 
   "Q726306", 
   "Q189737", 
   "Q713298", 
   "Q290951", 
   "Q490054", 
   "Q3574843", 
   "Q39777", 
   "Q1343007", 
   "Q16155191", 
   "Q2563510", 
   "Q3623688", 
   "Q320341", 
   "Q213461", 
   "Q379248", 
   "Q816793", 
   "Q1327500", 
   "Q8371", 
   "Q873588", 
   "Q790468", 
   "Q748455", 
   "Q1179017", 
   "Q1300012", 
   "Q1759986", 
   "Q3382191", 
   "Q11404", 
   "Q2660670", 
   "Q744831", 
   "Q537750", 
   "Q678090", 
   "Q593995", 
   "Q1879664", 
   "Q1178361", 
   "Q1798603", 
   "Q81982", 
   "Q669370", 
   "Q1024685", 
   "Q80284", 
   "Q206987", 
   "Q244976", 
   "Q424017", 
   "Q178933", 
   "Q483994", 
   "Q16875637", 
   "Q1129422", 
   "Q604538", 
   "Q182718", 
   "Q862501", 
   "Q626035", 
   "Q220971", 
   "Q1099153", 
   "Q497224", 
   "Q213100", 
   "Q963150"
  ], 
  "entities": [], 
  "speaker": "SYSTEM", 
  "signature": "{active_set:[u'(c(Q502895),P1303,c(Q34379))']}@{entities:[]}@{speaker:SYSTEM}@{utterance:60}", 
  "utterance": "60", 
  "active_set": [
   "(c(Q502895),P1303,c(Q34379))"
  ]
 }, 
 {
  "ques_type_id": 7, 
  "description": "Quantitative|Min/Max|Single entity type", 
  "speaker": "USER", 
  "relations": [
   "P1303"
  ], 
  "count_ques_sub_type": 2, 
  "entities": [], 
  "signature": "{count_ques_sub_type:2}@{count_ques_type:1}@{description:Quantitative|Min/Max|Single entity type}@{entities:[]}@{is_incomplete:0}@{obj_par:Q34379}@{prop_res:P1303}@{qualifier_choice:max}@{ques_type_id:7}@{relations:[u'P1303']}@{speaker:USER}@{sub_par:Q502895}@{utterance:Which musical instruments do max number of people know to play ?}", 
  "count_ques_type": 1, 
  "utterance": "Which musical instruments do max number of people know to play ?", 
  "is_incomplete": 0
 }, 
 {
  "ans_list_full": [
   "Q5994"
  ], 
  "entities": [
   "Q5994"
  ], 
  "speaker": "SYSTEM", 
  "signature": "{active_set:[u'(c(Q502895),P1303,Q5994)']}@{entities:[u'Q5994']}@{speaker:SYSTEM}@{utterance:piano}", 
  "utterance": "piano", 
  "active_set": [
   "(c(Q502895),P1303,Q5994)"
  ]
 }
]