[
 {
  "ques_type_id": 1, 
  "description": "Simple Question", 
  "relations": [
   "P176"
  ], 
  "entities": [
   "Q184201"
  ], 
  "speaker": "USER", 
  "signature": "{Qid:Q184201}@{description:Simple Question}@{entities:[u'Q184201']}@{len(ans_list) > 1:False}@{prop_Qid_par:Q4830453}@{prop_res:P176}@{ques_type_id:1}@{relations:[u'P176']}@{speaker:USER}@{utterance:Who is the manufacturer of Apollo 8 ?}", 
  "utterance": "Who is the manufacturer of Apollo 8 ?"
 }, 
 {
  "ans_list_full": [
   "Q1348664"
  ], 
  "entities": [
   "Q1348664"
  ], 
  "speaker": "SYSTEM", 
  "signature": "{active_set:[u'(Q184201,P176,c(Q4830453))']}@{entities:[u'Q1348664']}@{speaker:SYSTEM}@{utterance:Rockwell International}", 
  "utterance": "Rockwell International", 
  "active_set": [
   "(Q184201,P176,c(Q4830453))"
  ]
 }, 
 {
  "ques_type_id": 2, 
  "description": "Simple Question|Single Entity|Indirect", 
  "sec_ques_sub_type": 2, 
  "relations": [
   "P452"
  ], 
  "entities": [
   "Q1348664"
  ], 
  "speaker": "USER", 
  "sec_ques_type": 1, 
  "signature": "{Qid:Q1348664}@{description:Simple Question|Single Entity|Indirect}@{entities:[u'Q1348664']}@{len(ans_list) > 1:False}@{prop_Qid_par:Q58778}@{prop_res:P452}@{ques_type_id:2}@{relations:[u'P452']}@{sec_ques_sub_type:2}@{sec_ques_type:1}@{speaker:USER}@{utterance:Which system is the industry to which that business enterprise belongs ?}", 
  "utterance": "Which system is the industry to which that business enterprise belongs ?"
 }, 
 {
  "ans_list_full": [
   "Q3477363"
  ], 
  "entities": [
   "Q3477363"
  ], 
  "speaker": "SYSTEM", 
  "signature": "{active_set:[u'(Q1348664,P452,c(Q58778))']}@{entities:[u'Q3477363']}@{speaker:SYSTEM}@{utterance:aerospace industry}", 
  "utterance": "aerospace industry", 
  "active_set": [
   "(Q1348664,P452,c(Q58778))"
  ]
 }, 
 {
  "description": "Comparative|Count over More/Less|Mult. entity type|Indirect", 
  "count_ques_type": 1, 
  "set_op": 2, 
  "ques_type_id": 8, 
  "relations": [
   "P361"
  ], 
  "count_ques_sub_type": 10, 
  "entities": [], 
  "speaker": "USER", 
  "signature": "{Z:Q3477363}@{count_ques_sub_type:10}@{count_ques_type:1}@{description:Comparative|Count over More/Less|Mult. entity type|Indirect}@{entities:[]}@{is_incomplete:0}@{obj_par:Q58778}@{prop_res:P361}@{qualifier_choice:approximately the same}@{ques_type_id:8}@{relations:[u'P361']}@{set_op:2}@{speaker:USER}@{sub_par_1:Q2221906}@{sub_par_2:Q41176}@{utterance:How many systems are approximately the same number of geographic locations or buildings a component of as that system ?}", 
  "is_incomplete": 0, 
  "utterance": "How many systems are approximately the same number of geographic locations or buildings a component of as that system ?"
 }, 
 {
  "ans_list_full": [
   "Q746359", 
   "Q192161", 
   "Q396622", 
   "Q862571", 
   "Q17488292", 
   "Q2151621", 
   "Q1824206", 
   "Q207652", 
   "Q720362", 
   "Q28108", 
   "Q16782623", 
   "Q503327", 
   "Q14290846", 
   "Q6456916", 
   "Q12457", 
   "Q3565868", 
   "Q16070574", 
   "Q26240", 
   "Q835696", 
   "Q8091", 
   "Q1213508", 
   "Q16203461", 
   "Q435964", 
   "Q27666180", 
   "Q1780543", 
   "Q161779", 
   "Q468999", 
   "Q757568", 
   "Q512417", 
   "Q1127794", 
   "Q49845", 
   "Q1016708", 
   "Q3491904", 
   "Q3477363", 
   "Q1116609", 
   "Q622662", 
   "Q1660132", 
   "Q2285982", 
   "Q1415395", 
   "Q11451", 
   "Q829055", 
   "Q607081", 
   "Q940913", 
   "Q126793", 
   "Q483426", 
   "Q1368944", 
   "Q8148", 
   "Q2595720", 
   "Q601401", 
   "Q2518196", 
   "Q939202", 
   "Q3234036", 
   "Q730906", 
   "Q5466615", 
   "Q1", 
   "Q856625", 
   "Q1370826", 
   "Q188193", 
   "Q620565", 
   "Q2251494", 
   "Q289"
  ], 
  "entities": [], 
  "speaker": "SYSTEM", 
  "signature": "{active_set:[u'(c(Q2221906)|c(Q41176),P361,c(Q58778))']}@{entities:[]}@{speaker:SYSTEM}@{utterance:61}", 
  "utterance": "61", 
  "active_set": [
   "(c(Q2221906)|c(Q41176),P361,c(Q58778))"
  ]
 }, 
 {
  "ques_type_id": 2, 
  "description": "Simple Question|Single Entity", 
  "sec_ques_sub_type": 1, 
  "relations": [
   "P287"
  ], 
  "entities": [
   "Q1348664"
  ], 
  "speaker": "USER", 
  "sec_ques_type": 2, 
  "signature": "{Qid:Q1348664}@{description:Simple Question|Single Entity}@{entities:[u'Q1348664']}@{len(ans_list) > 1:False}@{prop_Qid_par:Q728}@{prop_res:P287}@{ques_type_id:2}@{relations:[u'P287']}@{sec_ques_sub_type:1}@{sec_ques_type:2}@{speaker:USER}@{utterance:Which weapon had designs created by Rockwell International ?}", 
  "utterance": "Which weapon had designs created by Rockwell International ?"
 }, 
 {
  "ans_list_full": [
   "Q1484837"
  ], 
  "entities": [
   "Q1484837"
  ], 
  "speaker": "SYSTEM", 
  "signature": "{active_set:[u'(c(Q728),P287,Q1348664)']}@{entities:[u'Q1484837']}@{speaker:SYSTEM}@{utterance:GBU-15}", 
  "utterance": "GBU-15", 
  "active_set": [
   "(c(Q728),P287,Q1348664)"
  ]
 }, 
 {
  "ques_type_id": 2, 
  "description": "Simple Question|Single Entity", 
  "sec_ques_sub_type": 1, 
  "relations": [
   "P108"
  ], 
  "entities": [
   "Q1348664"
  ], 
  "speaker": "USER", 
  "sec_ques_type": 2, 
  "signature": "{Qid:Q1348664}@{description:Simple Question|Single Entity}@{entities:[u'Q1348664']}@{len(ans_list) > 1:False}@{prop_Qid_par:Q502895}@{prop_res:P108}@{ques_type_id:2}@{relations:[u'P108']}@{sec_ques_sub_type:1}@{sec_ques_type:2}@{speaker:USER}@{utterance:Who works for Rockwell International ?}", 
  "utterance": "Who works for Rockwell International ?"
 }, 
 {
  "ans_list_full": [
   "Q72416"
  ], 
  "entities": [
   "Q72416"
  ], 
  "speaker": "SYSTEM", 
  "signature": "{active_set:[u'(c(Q502895),P108,Q1348664)']}@{entities:[u'Q72416']}@{speaker:SYSTEM}@{utterance:Guenter Wendt}", 
  "utterance": "Guenter Wendt", 
  "active_set": [
   "(c(Q502895),P108,Q1348664)"
  ]
 }, 
 {
  "ques_type_id": 2, 
  "description": "Simple Question|Single Entity|Indirect", 
  "sec_ques_sub_type": 2, 
  "relations": [
   "P106"
  ], 
  "entities": [
   "Q72416"
  ], 
  "speaker": "USER", 
  "sec_ques_type": 1, 
  "signature": "{Qid:Q72416}@{description:Simple Question|Single Entity|Indirect}@{entities:[u'Q72416']}@{len(ans_list) > 1:True}@{prop_Qid_par:Q12737077}@{prop_res:P106}@{ques_type_id:2}@{relations:[u'P106']}@{sec_ques_sub_type:2}@{sec_ques_type:1}@{speaker:USER}@{utterance:What are the job of that person ?}", 
  "utterance": "What are the job of that person ?"
 }, 
 {
  "ans_list_full": [
   "Q15895020", 
   "Q81096"
  ], 
  "entities": [
   "Q15895020", 
   "Q81096"
  ], 
  "speaker": "SYSTEM", 
  "signature": "{active_set:[u'(Q72416,P106,c(Q12737077))']}@{entities:[u'Q15895020', u'Q81096']}@{speaker:SYSTEM}@{utterance:aerospace engineer, engineer}", 
  "utterance": "aerospace engineer, engineer", 
  "active_set": [
   "(Q72416,P106,c(Q12737077))"
  ]
 }, 
 {
  "ques_type_id": 7, 
  "description": "Quantitative|Atleast/ Atmost/ Approx. the same/Equal|Single entity type", 
  "speaker": "USER", 
  "relations": [
   "P417"
  ], 
  "count_ques_sub_type": 3, 
  "entities": [], 
  "signature": "{N:1}@{count_ques_sub_type:3}@{count_ques_type:1}@{description:Quantitative|Atleast/ Atmost/ Approx. the same/Equal|Single entity type}@{entities:[]}@{is_incomplete:0}@{obj_par:Q502895}@{prop_res:P417}@{qualifier_choice:approximately}@{ques_type_id:7}@{relations:[u'P417']}@{speaker:USER}@{sub_par:Q12737077}@{utterance:Which people are the patron saint of approximately 1 occupation ?}", 
  "count_ques_type": 1, 
  "utterance": "Which people are the patron saint of approximately 1 occupation ?", 
  "is_incomplete": 0
 }, 
 {
  "ans_list_full": [
   "Q312758", 
   "Q44015", 
   "Q119289", 
   "Q332656", 
   "Q276148", 
   "Q80513", 
   "Q130997", 
   "Q163900", 
   "Q453698", 
   "Q44281", 
   "Q119512", 
   "Q60059", 
   "Q360798", 
   "Q320171", 
   "Q508214", 
   "Q9438", 
   "Q232427", 
   "Q137947", 
   "Q170164", 
   "Q149727", 
   "Q152457", 
   "Q40662", 
   "Q9200", 
   "Q43399", 
   "Q43689", 
   "Q193507", 
   "Q212850", 
   "Q298845", 
   "Q324700", 
   "Q374822", 
   "Q5575577", 
   "Q271474", 
   "Q463600", 
   "Q43669", 
   "Q48438", 
   "Q242274", 
   "Q17590", 
   "Q191107"
  ], 
  "entities": [
   "Q9438", 
   "Q60059", 
   "Q44281"
  ], 
  "speaker": "SYSTEM", 
  "signature": "{active_set:[u'(c(Q12737077),P417,c(Q502895))']}@{entities:[u'Q9438', u'Q60059', u'Q44281']}@{speaker:SYSTEM}@{utterance:Thomas Aquinas, Albertus Magnus, Ignatius of Loyola}", 
  "utterance": "Thomas Aquinas, Albertus Magnus, Ignatius of Loyola", 
  "active_set": [
   "(c(Q12737077),P417,c(Q502895))"
  ]
 }
]