[
 {
  "ques_type_id": 1, 
  "description": "Simple Question", 
  "relations": [
   "P364"
  ], 
  "entities": [
   "Q1397802"
  ], 
  "speaker": "USER", 
  "signature": "{Qid:Q1397802}@{description:Simple Question}@{entities:[u'Q1397802']}@{len(ans_list) > 1:False}@{prop_Qid_par:Q34770}@{prop_res:P364}@{ques_type_id:1}@{relations:[u'P364']}@{speaker:USER}@{utterance:Which language was used originally for the creation of Fastlane ?}", 
  "utterance": "Which language was used originally for the creation of Fastlane ?"
 }, 
 {
  "ans_list_full": [
   "Q1860"
  ], 
  "entities": [
   "Q1860"
  ], 
  "speaker": "SYSTEM", 
  "signature": "{active_set:[u'(Q1397802,P364,c(Q34770))']}@{entities:[u'Q1860']}@{speaker:SYSTEM}@{utterance:English}", 
  "utterance": "English", 
  "active_set": [
   "(Q1397802,P364,c(Q34770))"
  ]
 }, 
 {
  "ques_type_id": 2, 
  "description": "Simple Question|Single Entity|Indirect", 
  "sec_ques_sub_type": 2, 
  "relations": [
   "P144"
  ], 
  "entities": [
   "Q1860"
  ], 
  "speaker": "USER", 
  "sec_ques_type": 2, 
  "signature": "{Qid:Q1860}@{description:Simple Question|Single Entity|Indirect}@{entities:[u'Q1860']}@{len(ans_list) > 1:False}@{prop_Qid_par:Q1190554}@{prop_res:P144}@{ques_type_id:2}@{relations:[u'P144']}@{sec_ques_sub_type:2}@{sec_ques_type:2}@{speaker:USER}@{utterance:Which event is based on that language ?}", 
  "utterance": "Which event is based on that language ?"
 }, 
 {
  "ans_list_full": [
   "Q36352"
  ], 
  "entities": [
   "Q36352"
  ], 
  "speaker": "SYSTEM", 
  "signature": "{active_set:[u'(c(Q1190554),P144,Q1860)']}@{entities:[u'Q36352']}@{speaker:SYSTEM}@{utterance:Loglan}", 
  "utterance": "Loglan", 
  "active_set": [
   "(c(Q1190554),P144,Q1860)"
  ]
 }, 
 {
  "ques_type_id": 2, 
  "description": "Simple Question|Single Entity", 
  "sec_ques_sub_type": 1, 
  "relations": [
   "P361"
  ], 
  "entities": [
   "Q1860"
  ], 
  "speaker": "USER", 
  "sec_ques_type": 1, 
  "signature": "{Qid:Q1860}@{description:Simple Question|Single Entity}@{entities:[u'Q1860']}@{len(ans_list) > 1:True}@{prop_Qid_par:Q5962346}@{prop_res:P361}@{ques_type_id:2}@{relations:[u'P361']}@{sec_ques_sub_type:1}@{sec_ques_type:1}@{speaker:USER}@{utterance:Which classification schemes are English a part of ?}", 
  "utterance": "Which classification schemes are English a part of ?"
 }, 
 {
  "ans_list_full": [
   "Q1346342", 
   "Q5329170"
  ], 
  "entities": [
   "Q1346342", 
   "Q5329170"
  ], 
  "speaker": "SYSTEM", 
  "signature": "{active_set:[u'(Q1860,P361,c(Q5962346))']}@{entities:[u'Q1346342', u'Q5329170']}@{speaker:SYSTEM}@{utterance:Anglic languages, Anglo-Frisian languages}", 
  "utterance": "Anglic languages, Anglo-Frisian languages", 
  "active_set": [
   "(Q1860,P361,c(Q5962346))"
  ]
 }, 
 {
  "description": "Quantitative|Min/Max|Mult. entity type", 
  "count_ques_type": 1, 
  "set_op": 1, 
  "ques_type_id": 8, 
  "relations": [
   "P407"
  ], 
  "count_ques_sub_type": 3, 
  "entities": [], 
  "speaker": "USER", 
  "signature": "{count_ques_sub_type:3}@{count_ques_type:1}@{description:Quantitative|Min/Max|Mult. entity type}@{entities:[]}@{is_incomplete:0}@{obj_par:Q34770}@{prop_res:P407}@{qualifier_choice:min}@{ques_type_id:8}@{relations:[u'P407']}@{set_op:1}@{speaker:USER}@{sub_par_1:Q7725634}@{sub_par_2:Q1002697}@{utterance:What are the languages of work for min number of literary works and periodical literatures ?}", 
  "is_incomplete": 0, 
  "utterance": "What are the languages of work for min number of literary works and periodical literatures ?"
 }, 
 {
  "ans_list_full": [
   "Q37015"
  ], 
  "entities": [
   "Q37015"
  ], 
  "speaker": "SYSTEM", 
  "signature": "{active_set:[u'(c(Q7725634)|c(Q1002697),P407,Q37015)']}@{entities:[u'Q37015']}@{speaker:SYSTEM}@{utterance:Riksm\\xe5l}", 
  "utterance": "Riksm\u00e5l", 
  "active_set": [
   "(c(Q7725634)|c(Q1002697),P407,Q37015)"
  ]
 }, 
 {
  "description": "Comparative|Count over More/Less|Mult. entity type", 
  "count_ques_type": 1, 
  "set_op": 1, 
  "ques_type_id": 8, 
  "relations": [
   "P364"
  ], 
  "count_ques_sub_type": 7, 
  "entities": [
   "Q35505"
  ], 
  "speaker": "USER", 
  "signature": "{Z:Q35505}@{count_ques_sub_type:7}@{count_ques_type:1}@{description:Comparative|Count over More/Less|Mult. entity type}@{entities:[u'Q35505']}@{is_incomplete:0}@{obj_par:Q34770}@{prop_res:P364}@{qualifier_choice:approximately the same}@{ques_type_id:8}@{relations:[u'P364']}@{set_op:1}@{speaker:USER}@{sub_par_1:Q2342494}@{sub_par_2:Q21114848}@{utterance:How many languages were used originally for the creation of approximately the same number of collectables and magazine genres as Old Norse language ?}", 
  "is_incomplete": 0, 
  "utterance": "How many languages were used originally for the creation of approximately the same number of collectables and magazine genres as Old Norse language ?"
 }, 
 {
  "ans_list_full": [
   "Q35505", 
   "Q1321", 
   "Q35668", 
   "Q36790", 
   "Q8785", 
   "Q37041", 
   "Q56530", 
   "Q35726", 
   "Q25164", 
   "Q182695", 
   "Q1072111", 
   "Q3110592", 
   "Q837985", 
   "Q10862919", 
   "Q33976", 
   "Q8752", 
   "Q9056", 
   "Q29977", 
   "Q1860", 
   "Q397", 
   "Q33251", 
   "Q13414913", 
   "Q25167", 
   "Q35499", 
   "Q36206", 
   "Q18130932", 
   "Q783605", 
   "Q34909", 
   "Q36765", 
   "Q132659", 
   "Q13211"
  ], 
  "entities": [], 
  "speaker": "SYSTEM", 
  "signature": "{active_set:[u'(c(Q2342494)|c(Q21114848),P364,c(Q34770))']}@{entities:[]}@{speaker:SYSTEM}@{utterance:31}", 
  "utterance": "31", 
  "active_set": [
   "(c(Q2342494)|c(Q21114848),P364,c(Q34770))"
  ]
 }, 
 {
  "set_op": 1, 
  "ques_type_id": 8, 
  "description": "Comparative|Count over More/Less|Mult. entity type|Incomplete", 
  "relations": [
   "P364"
  ], 
  "count_ques_sub_type": 7, 
  "entities": [
   "Q36765"
  ], 
  "speaker": "USER", 
  "signature": "{count_ques_sub_type:7}@{count_ques_type:1}@{description:Comparative|Count over More/Less|Mult. entity type|Incomplete}@{entities:[u'Q36765']}@{is_incomplete:1}@{ques_type_id:8}@{relations:[u'P364']}@{set_op:1}@{speaker:USER}@{utterance:And how about Demotic?}", 
  "count_ques_type": 1, 
  "utterance": "And how about Demotic?", 
  "is_incomplete": 1
 }, 
 {
  "ans_list_full": [
   "Q36765", 
   "Q837985", 
   "Q35499", 
   "Q25167", 
   "Q36206", 
   "Q10862919", 
   "Q33976", 
   "Q397", 
   "Q8752", 
   "Q1860", 
   "Q8785", 
   "Q56530", 
   "Q3110592", 
   "Q13414913", 
   "Q783605", 
   "Q1072111", 
   "Q35668", 
   "Q36790", 
   "Q29977", 
   "Q37041", 
   "Q34909", 
   "Q25164", 
   "Q1321", 
   "Q18130932", 
   "Q13211", 
   "Q182695", 
   "Q35726", 
   "Q33251", 
   "Q9056", 
   "Q652"
  ], 
  "entities": [], 
  "speaker": "SYSTEM", 
  "signature": "{active_set:[u'(c(Q2342494)|c(Q21114848),P364,c(Q34770))']}@{entities:[]}@{speaker:SYSTEM}@{utterance:30}", 
  "utterance": "30", 
  "active_set": [
   "(c(Q2342494)|c(Q21114848),P364,c(Q34770))"
  ]
 }, 
 {
  "description": "Quantitative|Min/Max|Mult. entity type", 
  "count_ques_type": 2, 
  "set_op": 1, 
  "ques_type_id": 8, 
  "relations": [
   "P282"
  ], 
  "count_ques_sub_type": 3, 
  "entities": [], 
  "speaker": "USER", 
  "signature": "{count_ques_sub_type:3}@{count_ques_type:2}@{description:Quantitative|Min/Max|Mult. entity type}@{entities:[]}@{is_incomplete:0}@{obj_par_1:Q9779}@{obj_par_2:Q2001982}@{prop_res:P282}@{qualifier_choice:max}@{ques_type_id:8}@{relations:[u'P282']}@{set_op:1}@{speaker:USER}@{sub_par:Q34770}@{utterance:Which languages have writing system as max number of alphabets and notations ?}", 
  "is_incomplete": 0, 
  "utterance": "Which languages have writing system as max number of alphabets and notations ?"
 }, 
 {
  "ans_list_full": [
   "Q29572"
  ], 
  "entities": [
   "Q29572"
  ], 
  "speaker": "SYSTEM", 
  "signature": "{active_set:[u'(Q29572,P282,c(Q9779)|c(Q2001982))']}@{entities:[u'Q29572']}@{speaker:SYSTEM}@{utterance:Avestan}", 
  "utterance": "Avestan", 
  "active_set": [
   "(Q29572,P282,c(Q9779)|c(Q2001982))"
  ]
 }, 
 {
  "ques_type_id": 7, 
  "description": "Comparative|More/Less|Single entity type|Indirect", 
  "speaker": "USER", 
  "relations": [
   "P282"
  ], 
  "count_ques_sub_type": 8, 
  "entities": [], 
  "signature": "{Z:Q7511561}@{count_ques_sub_type:8}@{count_ques_type:2}@{description:Comparative|More/Less|Single entity type|Indirect}@{entities:[]}@{is_incomplete:0}@{obj_par:Q8192}@{prop_res:P282}@{qualifier_choice:less}@{ques_type_id:7}@{relations:[u'P282']}@{speaker:USER}@{sub_par:Q34770}@{utterance:Which languages use less number of writing systems as the writing system than that language ?}", 
  "count_ques_type": 2, 
  "utterance": "Which languages use less number of writing systems as the writing system than that language ?", 
  "is_incomplete": 0
 }, 
 {
  "ans_list_full": [
   "Q35668", 
   "Q25167"
  ], 
  "entities": [
   "Q35668", 
   "Q25167"
  ], 
  "speaker": "SYSTEM", 
  "signature": "{active_set:[u'(c(Q34770),P282,c(Q8192))']}@{entities:[u'Q35668', u'Q25167']}@{speaker:SYSTEM}@{utterance:Hittite, Bokm\\xe5l}", 
  "utterance": "Hittite, Bokm\u00e5l", 
  "active_set": [
   "(c(Q34770),P282,c(Q8192))"
  ]
 }, 
 {
  "description": "Comparative|Count over More/Less|Mult. entity type|Indirect", 
  "count_ques_type": 1, 
  "set_op": 1, 
  "ques_type_id": 8, 
  "relations": [
   "P2439"
  ], 
  "count_ques_sub_type": 10, 
  "entities": [], 
  "speaker": "USER", 
  "signature": "{Z:Q25167}@{count_ques_sub_type:10}@{count_ques_type:1}@{description:Comparative|Count over More/Less|Mult. entity type|Indirect}@{entities:[]}@{is_incomplete:0}@{obj_par:Q34770}@{prop_res:P2439}@{qualifier_choice:greater}@{ques_type_id:8}@{relations:[u'P2439']}@{set_op:1}@{speaker:USER}@{sub_par_1:Q43229}@{sub_par_2:Q170584}@{utterance:How many languages are associated with greater number of organizations and projects than that language ?}", 
  "is_incomplete": 0, 
  "utterance": "How many languages are associated with greater number of organizations and projects than that language ?"
 }, 
 {
  "ans_list_full": [], 
  "description": "Comparative|Count over More/Less|Mult. entity type|Clarification", 
  "active_set": [
   "(c(Q43229)|c(Q170584),P2439,c(Q34770))"
  ], 
  "relations": [], 
  "entities": [
   "Q35668"
  ], 
  "speaker": "SYSTEM", 
  "signature": "{active_set:[u'(c(Q43229)|c(Q170584),P2439,c(Q34770))']}@{description:Comparative|Count over More/Less|Mult. entity type|Clarification}@{entities:[u'Q35668']}@{relations:[]}@{speaker:SYSTEM}@{utterance:Did you mean Hittite ?}", 
  "utterance": "Did you mean Hittite ?"
 }, 
 {
  "speaker": "USER", 
  "utterance": "No, I meant Bokm\u00e5l. Could you tell me the answer for that?", 
  "entities": [
   "Q25167"
  ]
 }, 
 {
  "ans_list_full": [
   "Q397", 
   "Q652", 
   "Q1860"
  ], 
  "entities": [], 
  "speaker": "SYSTEM", 
  "signature": "{active_set:[u'(c(Q43229)|c(Q170584),P2439,c(Q34770))']}@{entities:[]}@{speaker:SYSTEM}@{utterance:3}", 
  "utterance": "3", 
  "active_set": [
   "(c(Q43229)|c(Q170584),P2439,c(Q34770))"
  ]
 }, 
 {
  "description": "Quantitative|Min/Max|Mult. entity type", 
  "count_ques_type": 2, 
  "set_op": 2, 
  "ques_type_id": 8, 
  "relations": [
   "P282"
  ], 
  "count_ques_sub_type": 3, 
  "entities": [], 
  "speaker": "USER", 
  "signature": "{count_ques_sub_type:3}@{count_ques_type:2}@{description:Quantitative|Min/Max|Mult. entity type}@{entities:[]}@{is_incomplete:0}@{obj_par_1:Q9779}@{obj_par_2:Q8192}@{prop_res:P282}@{qualifier_choice:min}@{ques_type_id:8}@{relations:[u'P282']}@{set_op:2}@{speaker:USER}@{sub_par:Q34770}@{utterance:Which languages use min number of alphabets or writing systems as the writing system ?}", 
  "is_incomplete": 0, 
  "utterance": "Which languages use min number of alphabets or writing systems as the writing system ?"
 }, 
 {
  "ans_list_full": [
   "Q36741"
  ], 
  "entities": [
   "Q36741"
  ], 
  "speaker": "SYSTEM", 
  "signature": "{active_set:[u'(Q36741,P282,c(Q9779)|c(Q8192))']}@{entities:[u'Q36741']}@{speaker:SYSTEM}@{utterance:Polabian}", 
  "utterance": "Polabian", 
  "active_set": [
   "(Q36741,P282,c(Q9779)|c(Q8192))"
  ]
 }, 
 {
  "description": "Comparative|Count over More/Less|Mult. entity type|Indirect", 
  "count_ques_type": 2, 
  "set_op": 1, 
  "ques_type_id": 8, 
  "relations": [
   "P282"
  ], 
  "count_ques_sub_type": 10, 
  "entities": [], 
  "speaker": "USER", 
  "signature": "{Z:Q36751}@{count_ques_sub_type:10}@{count_ques_type:2}@{description:Comparative|Count over More/Less|Mult. entity type|Indirect}@{entities:[]}@{is_incomplete:0}@{obj_par_1:Q2001982}@{obj_par_2:Q8192}@{prop_res:P282}@{qualifier_choice:approximately the same}@{ques_type_id:8}@{relations:[u'P282']}@{set_op:1}@{speaker:USER}@{sub_par:Q34770}@{utterance:How many languages have writing system as approximately the same number of notations and writing systems as that language ?}", 
  "is_incomplete": 0, 
  "utterance": "How many languages have writing system as approximately the same number of notations and writing systems as that language ?"
 }, 
 {
  "ans_list_full": [], 
  "entities": [], 
  "speaker": "SYSTEM", 
  "signature": "{active_set:[u'(c(Q34770),P282,c(Q2001982)|c(Q8192))']}@{entities:[]}@{speaker:SYSTEM}@{utterance:0}", 
  "utterance": "0", 
  "active_set": [
   "(c(Q34770),P282,c(Q2001982)|c(Q8192))"
  ]
 }, 
 {
  "ques_type_id": 7, 
  "description": "Quantitative|Min/Max|Single entity type", 
  "speaker": "USER", 
  "relations": [
   "P282"
  ], 
  "count_ques_sub_type": 2, 
  "entities": [], 
  "signature": "{count_ques_sub_type:2}@{count_ques_type:1}@{description:Quantitative|Min/Max|Single entity type}@{entities:[]}@{is_incomplete:0}@{obj_par:Q9779}@{prop_res:P282}@{qualifier_choice:min}@{ques_type_id:7}@{relations:[u'P282']}@{speaker:USER}@{sub_par:Q34770}@{utterance:Which alphabets are used as the alphabet set for min number of languages ?}", 
  "count_ques_type": 1, 
  "utterance": "Which alphabets are used as the alphabet set for min number of languages ?", 
  "is_incomplete": 0
 }, 
 {
  "ans_list_full": [
   "Q1937113"
  ], 
  "entities": [
   "Q1937113"
  ], 
  "speaker": "SYSTEM", 
  "signature": "{active_set:[u'(c(Q34770),P282,Q1937113)']}@{entities:[u'Q1937113']}@{speaker:SYSTEM}@{utterance:futhark}", 
  "utterance": "futhark", 
  "active_set": [
   "(c(Q34770),P282,Q1937113)"
  ]
 }, 
 {
  "ques_type_id": 7, 
  "description": "Quantitative|Min/Max|Single entity type", 
  "speaker": "USER", 
  "relations": [
   "P282"
  ], 
  "count_ques_sub_type": 2, 
  "entities": [], 
  "signature": "{count_ques_sub_type:2}@{count_ques_type:1}@{description:Quantitative|Min/Max|Single entity type}@{entities:[]}@{is_incomplete:0}@{obj_par:Q2001982}@{prop_res:P282}@{qualifier_choice:min}@{ques_type_id:7}@{relations:[u'P282']}@{speaker:USER}@{sub_par:Q34770}@{utterance:Which notations are utilized as the script for min number of languages ?}", 
  "count_ques_type": 1, 
  "utterance": "Which notations are utilized as the script for min number of languages ?", 
  "is_incomplete": 0
 }, 
 {
  "ans_list_full": [
   "Q3544702"
  ], 
  "entities": [
   "Q3544702"
  ], 
  "speaker": "SYSTEM", 
  "signature": "{active_set:[u'(c(Q34770),P282,Q3544702)']}@{entities:[u'Q3544702']}@{speaker:SYSTEM}@{utterance:Manichaean alphabet}", 
  "utterance": "Manichaean alphabet", 
  "active_set": [
   "(c(Q34770),P282,Q3544702)"
  ]
 }, 
 {
  "description": "Quantitative|Count over Atleast/ Atmost/ Approx. the same/Equal|Mult. entity type", 
  "count_ques_type": 1, 
  "set_op": 1, 
  "ques_type_id": 8, 
  "relations": [
   "P407"
  ], 
  "count_ques_sub_type": 6, 
  "entities": [], 
  "speaker": "USER", 
  "signature": "{N:1}@{count_ques_sub_type:6}@{count_ques_type:1}@{description:Quantitative|Count over Atleast/ Atmost/ Approx. the same/Equal|Mult. entity type}@{entities:[]}@{is_incomplete:0}@{obj_par:Q34770}@{prop_res:P407}@{qualifier_choice:exactly}@{ques_type_id:8}@{relations:[u'P407']}@{set_op:1}@{speaker:USER}@{sub_par_1:Q7725634}@{sub_par_2:Q82799}@{utterance:How many languages are exactly 1 literary works and names in ?}", 
  "is_incomplete": 0, 
  "utterance": "How many languages are exactly 1 literary works and names in ?"
 }, 
 {
  "ans_list_full": [
   "Q56982", 
   "Q35308", 
   "Q37041"
  ], 
  "entities": [], 
  "speaker": "SYSTEM", 
  "signature": "{active_set:[u'(c(Q7725634)|c(Q82799),P407,c(Q34770))']}@{entities:[]}@{speaker:SYSTEM}@{utterance:3}", 
  "utterance": "3", 
  "active_set": [
   "(c(Q7725634)|c(Q82799),P407,c(Q34770))"
  ]
 }
]