[
 {
  "ques_type_id": 1, 
  "description": "Simple Question", 
  "relations": [
   "P27"
  ], 
  "entities": [
   "Q5543667"
  ], 
  "speaker": "USER", 
  "signature": "{Qid:Q5543667}@{description:Simple Question}@{entities:[u'Q5543667']}@{len(ans_list) > 1:False}@{prop_Qid_par:Q15617994}@{prop_res:P27}@{ques_type_id:1}@{relations:[u'P27']}@{speaker:USER}@{utterance:Which administrative territory is George R. Salisbury, Jr. a civilian of ?}", 
  "utterance": "Which administrative territory is George R. Salisbury, Jr. a civilian of ?"
 }, 
 {
  "ans_list_full": [
   "Q30"
  ], 
  "entities": [
   "Q30"
  ], 
  "speaker": "SYSTEM", 
  "signature": "{active_set:[u'(Q5543667,P27,c(Q15617994))']}@{entities:[u'Q30']}@{speaker:SYSTEM}@{utterance:United States of America}", 
  "utterance": "United States of America", 
  "active_set": [
   "(Q5543667,P27,c(Q15617994))"
  ]
 }, 
 {
  "ques_type_id": 2, 
  "description": "Simple Question|Single Entity|Indirect", 
  "sec_ques_sub_type": 2, 
  "relations": [
   "P166"
  ], 
  "entities": [
   "Q5543667"
  ], 
  "speaker": "USER", 
  "sec_ques_type": 1, 
  "signature": "{Qid:Q5543667}@{description:Simple Question|Single Entity|Indirect}@{entities:[u'Q5543667']}@{len(ans_list) > 1:False}@{prop_Qid_par:Q618779}@{prop_res:P166}@{ques_type_id:2}@{relations:[u'P166']}@{sec_ques_sub_type:2}@{sec_ques_type:1}@{speaker:USER}@{utterance:Which award was received by that person ?}", 
  "utterance": "Which award was received by that person ?"
 }, 
 {
  "ans_list_full": [
   "Q928314"
  ], 
  "entities": [
   "Q928314"
  ], 
  "speaker": "SYSTEM", 
  "signature": "{active_set:[u'(Q30,P166,c(Q618779))']}@{entities:[u'Q928314']}@{speaker:SYSTEM}@{utterance:Bronze Star Medal}", 
  "utterance": "Bronze Star Medal", 
  "active_set": [
   "(Q30,P166,c(Q618779))"
  ]
 }, 
 {
  "description": "Quantitative|Count over Atleast/ Atmost/ Approx. the same/Equal|Mult. entity type", 
  "count_ques_type": 1, 
  "set_op": 1, 
  "ques_type_id": 8, 
  "relations": [
   "P1411"
  ], 
  "count_ques_sub_type": 6, 
  "entities": [], 
  "speaker": "USER", 
  "signature": "{N:210}@{count_ques_sub_type:6}@{count_ques_type:1}@{description:Quantitative|Count over Atleast/ Atmost/ Approx. the same/Equal|Mult. entity type}@{entities:[]}@{is_incomplete:0}@{obj_par:Q618779}@{prop_res:P1411}@{qualifier_choice:atleast}@{ques_type_id:8}@{relations:[u'P1411']}@{set_op:1}@{speaker:USER}@{sub_par_1:Q838948}@{sub_par_2:Q502895}@{utterance:How many awards were atleast 210 works of art and people nominated for ?}", 
  "is_incomplete": 0, 
  "utterance": "How many awards were atleast 210 works of art and people nominated for ?"
 }, 
 {
  "ans_list_full": [
   "Q37922", 
   "Q1445521"
  ], 
  "entities": [], 
  "speaker": "SYSTEM", 
  "signature": "{active_set:[u'(c(Q838948)|c(Q502895),P1411,c(Q618779))']}@{entities:[]}@{speaker:SYSTEM}@{utterance:2}", 
  "utterance": "2", 
  "active_set": [
   "(c(Q838948)|c(Q502895),P1411,c(Q618779))"
  ]
 }, 
 {
  "description": "Quantitative|Atleast/ Atmost/ Approx. the same/Equal|Mult. entity type", 
  "count_ques_type": 1, 
  "set_op": 1, 
  "ques_type_id": 8, 
  "relations": [
   "P1411"
  ], 
  "count_ques_sub_type": 4, 
  "entities": [], 
  "speaker": "USER", 
  "signature": "{N:27}@{count_ques_sub_type:4}@{count_ques_type:1}@{description:Quantitative|Atleast/ Atmost/ Approx. the same/Equal|Mult. entity type}@{entities:[]}@{is_incomplete:0}@{obj_par:Q618779}@{prop_res:P1411}@{qualifier_choice:approximately}@{ques_type_id:8}@{relations:[u'P1411']}@{set_op:1}@{speaker:USER}@{sub_par_1:Q502895}@{sub_par_2:Q838948}@{utterance:What awards do approximately 27 people and works of art have ?}", 
  "is_incomplete": 0, 
  "utterance": "What awards do approximately 27 people and works of art have ?"
 }, 
 {
  "ans_list_full": [
   "Q494588", 
   "Q7027841", 
   "Q17092538", 
   "Q922379", 
   "Q17048589", 
   "Q2603352", 
   "Q2603356", 
   "Q2603354", 
   "Q31155", 
   "Q24054134", 
   "Q24043071", 
   "Q390951", 
   "Q7883073", 
   "Q1870463", 
   "Q1870460", 
   "Q2414873", 
   "Q518675", 
   "Q586140", 
   "Q24241", 
   "Q2018307", 
   "Q2529789", 
   "Q7929113", 
   "Q1780176", 
   "Q1357770", 
   "Q2603346", 
   "Q2603349", 
   "Q24034706", 
   "Q24034704", 
   "Q24034701", 
   "Q4896730", 
   "Q4896731", 
   "Q221178", 
   "Q5593757", 
   "Q21973897", 
   "Q530923", 
   "Q2295041", 
   "Q915665", 
   "Q1271740", 
   "Q5305710", 
   "Q5305711", 
   "Q5305712", 
   "Q5305713", 
   "Q5305714", 
   "Q5305718", 
   "Q5305719", 
   "Q16987659", 
   "Q7929109", 
   "Q922357", 
   "Q2294705", 
   "Q3404587", 
   "Q4896729", 
   "Q4896721", 
   "Q4896723", 
   "Q4896724", 
   "Q4896727", 
   "Q1619268", 
   "Q26084288", 
   "Q543729", 
   "Q1714069", 
   "Q973177", 
   "Q4376980", 
   "Q19858055", 
   "Q5305703", 
   "Q5305702", 
   "Q5305701", 
   "Q5305706", 
   "Q5305705", 
   "Q5305704", 
   "Q5305708", 
   "Q5569374", 
   "Q3774289", 
   "Q922348", 
   "Q3841620", 
   "Q1441669", 
   "Q1287335", 
   "Q4896553", 
   "Q8038458", 
   "Q29597", 
   "Q4896750", 
   "Q1459443", 
   "Q16985679", 
   "Q5593890", 
   "Q5593894", 
   "Q5593895", 
   "Q5593899", 
   "Q505395", 
   "Q1714071", 
   "Q1700510", 
   "Q1064978", 
   "Q5593762", 
   "Q691203", 
   "Q3774292", 
   "Q5593745", 
   "Q26079956", 
   "Q8038466", 
   "Q8038467", 
   "Q8038464", 
   "Q8038461", 
   "Q4896749", 
   "Q3062632", 
   "Q7426776", 
   "Q828289", 
   "Q5593886", 
   "Q5593881", 
   "Q5593889", 
   "Q2442442", 
   "Q1472266", 
   "Q493325", 
   "Q245643", 
   "Q5280672", 
   "Q3045762", 
   "Q5942236", 
   "Q5305720", 
   "Q1285970", 
   "Q386602", 
   "Q8038470", 
   "Q654620", 
   "Q1341487", 
   "Q3107449", 
   "Q583972", 
   "Q5942229", 
   "Q922396", 
   "Q10761808", 
   "Q16974858", 
   "Q3276722", 
   "Q5461347", 
   "Q5593750", 
   "Q5593754", 
   "Q2294693", 
   "Q2603180", 
   "Q981339", 
   "Q3002936", 
   "Q953746", 
   "Q663255", 
   "Q3841592", 
   "Q5942214", 
   "Q5942219", 
   "Q21588804", 
   "Q38447", 
   "Q38444", 
   "Q1493356", 
   "Q971008", 
   "Q4824165", 
   "Q4896598", 
   "Q1414673", 
   "Q84000", 
   "Q2549777", 
   "Q1659576", 
   "Q1659572", 
   "Q2110156", 
   "Q13423511", 
   "Q5243450", 
   "Q5243451", 
   "Q5243456", 
   "Q5243454", 
   "Q5243455", 
   "Q16827133", 
   "Q1259362", 
   "Q5942208", 
   "Q38457", 
   "Q38451", 
   "Q1027891", 
   "Q154590", 
   "Q1333798", 
   "Q1131772", 
   "Q1279306", 
   "Q898527", 
   "Q3405409", 
   "Q610903", 
   "Q3857162", 
   "Q4835656", 
   "Q4835657", 
   "Q4835654", 
   "Q4835655", 
   "Q4835653", 
   "Q4835650", 
   "Q1659569", 
   "Q6496400", 
   "Q6496401", 
   "Q6496408", 
   "Q900385", 
   "Q5243445", 
   "Q5461357", 
   "Q1238714", 
   "Q900494", 
   "Q5593785", 
   "Q327154", 
   "Q38461", 
   "Q38465", 
   "Q641316", 
   "Q847813", 
   "Q3841619", 
   "Q17986500", 
   "Q1027880", 
   "Q7929089", 
   "Q782517", 
   "Q2085699", 
   "Q1967719", 
   "Q2005201", 
   "Q1086189", 
   "Q947090", 
   "Q24204630", 
   "Q24204635", 
   "Q922299", 
   "Q1258647", 
   "Q38473", 
   "Q7929098", 
   "Q3492779", 
   "Q956597", 
   "Q19859780", 
   "Q1165159", 
   "Q1441676", 
   "Q284500", 
   "Q821166", 
   "Q1259330", 
   "Q904344", 
   "Q4790397", 
   "Q115737", 
   "Q610144", 
   "Q1799442", 
   "Q263702", 
   "Q848322", 
   "Q20714679", 
   "Q7102152", 
   "Q1286639", 
   "Q48705", 
   "Q2981152", 
   "Q922281", 
   "Q4806630", 
   "Q900441", 
   "Q900447", 
   "Q1170493", 
   "Q5461346", 
   "Q1342719", 
   "Q2024470", 
   "Q2024475", 
   "Q1784838", 
   "Q4896678", 
   "Q2781969", 
   "Q38617", 
   "Q3841616", 
   "Q3841614", 
   "Q3841615", 
   "Q3841613", 
   "Q3841611", 
   "Q832120", 
   "Q832127", 
   "Q1527242", 
   "Q545970", 
   "Q546779", 
   "Q6952070", 
   "Q6952071", 
   "Q6952072", 
   "Q6952074", 
   "Q678413", 
   "Q1188661", 
   "Q4896646", 
   "Q4896644", 
   "Q4896645", 
   "Q4896642", 
   "Q3841609", 
   "Q3841608", 
   "Q3841600", 
   "Q3841602", 
   "Q7243502", 
   "Q5593902", 
   "Q580574", 
   "Q160082", 
   "Q5593860", 
   "Q2296147", 
   "Q4806631", 
   "Q10937056", 
   "Q10937053", 
   "Q601549", 
   "Q1285504", 
   "Q900424", 
   "Q5461362", 
   "Q6952065", 
   "Q6952069", 
   "Q6952068", 
   "Q1542811", 
   "Q1265782", 
   "Q19858080", 
   "Q19858088", 
   "Q38430", 
   "Q38435", 
   "Q38439", 
   "Q2108656", 
   "Q4896643", 
   "Q4896808", 
   "Q2085662", 
   "Q16994372", 
   "Q4806629", 
   "Q6496398", 
   "Q6496396", 
   "Q6496392", 
   "Q225085", 
   "Q622813", 
   "Q6952054", 
   "Q6952055", 
   "Q6952053", 
   "Q6952051", 
   "Q6952059", 
   "Q1161136", 
   "Q4354969", 
   "Q5305716", 
   "Q5305717", 
   "Q15046324", 
   "Q15046323", 
   "Q24054038", 
   "Q1265702", 
   "Q4896813", 
   "Q1320315", 
   "Q16994369", 
   "Q5243457", 
   "Q6496381", 
   "Q6496382", 
   "Q6496386", 
   "Q849435", 
   "Q1335973", 
   "Q3353237", 
   "Q2530270", 
   "Q4896823", 
   "Q4896826", 
   "Q4896824", 
   "Q1527196", 
   "Q936683", 
   "Q4649798", 
   "Q501273", 
   "Q740968", 
   "Q900414", 
   "Q2544844", 
   "Q499789", 
   "Q1470333", 
   "Q1441539", 
   "Q8555", 
   "Q1478089", 
   "Q977915", 
   "Q4896608", 
   "Q4896605", 
   "Q5280676", 
   "Q5280675", 
   "Q5280674", 
   "Q5280673", 
   "Q5280670", 
   "Q3403230", 
   "Q3403236", 
   "Q1757366", 
   "Q1061238", 
   "Q182419", 
   "Q4896830", 
   "Q16918963", 
   "Q1257399", 
   "Q1659596", 
   "Q1659591", 
   "Q1659592", 
   "Q7113054", 
   "Q917698", 
   "Q3225582", 
   "Q16938408", 
   "Q5533178", 
   "Q5533173", 
   "Q5593784", 
   "Q2544859", 
   "Q2544851", 
   "Q16275104", 
   "Q922226", 
   "Q922229", 
   "Q2604800", 
   "Q7413643", 
   "Q266012", 
   "Q971363", 
   "Q17011874", 
   "Q2925701", 
   "Q3946618", 
   "Q4896614", 
   "Q3403229", 
   "Q16162550", 
   "Q667066", 
   "Q1542186", 
   "Q1270715", 
   "Q1659587", 
   "Q1659585", 
   "Q1659581", 
   "Q7826358", 
   "Q18693535", 
   "Q1161132", 
   "Q1161134", 
   "Q655056", 
   "Q5593797", 
   "Q1204940", 
   "Q6952062", 
   "Q6952067", 
   "Q24204611", 
   "Q1441552", 
   "Q17135175", 
   "Q1590605", 
   "Q99700", 
   "Q1543426", 
   "Q7821798", 
   "Q7821794", 
   "Q7821797", 
   "Q7569444", 
   "Q7569445", 
   "Q16917858", 
   "Q5533175", 
   "Q1071326", 
   "Q7413645", 
   "Q7243510", 
   "Q1542199", 
   "Q850243", 
   "Q4992254", 
   "Q1441929", 
   "Q48786", 
   "Q1170500", 
   "Q5305729", 
   "Q5305723", 
   "Q2558222", 
   "Q8036240", 
   "Q672037", 
   "Q1653137", 
   "Q1535128", 
   "Q3113384", 
   "Q1170507", 
   "Q24204609", 
   "Q5894564", 
   "Q18693967", 
   "Q8035707", 
   "Q369255", 
   "Q7382193", 
   "Q4835652", 
   "Q747902", 
   "Q17009285", 
   "Q494448", 
   "Q494443", 
   "Q3965593", 
   "Q24050333", 
   "Q24050339", 
   "Q3123491", 
   "Q6496332", 
   "Q6496335", 
   "Q6496338", 
   "Q6496339", 
   "Q7826370", 
   "Q1011547", 
   "Q1268066", 
   "Q3131545", 
   "Q1161114", 
   "Q1161113", 
   "Q1282644", 
   "Q1535133", 
   "Q24204631", 
   "Q24204634", 
   "Q1441572", 
   "Q5305709", 
   "Q3019369", 
   "Q3019365", 
   "Q3019364", 
   "Q3788522", 
   "Q24054053", 
   "Q24054058", 
   "Q385186", 
   "Q1277961", 
   "Q16146879", 
   "Q2116650", 
   "Q785002", 
   "Q16911512", 
   "Q10290887", 
   "Q494457", 
   "Q494453", 
   "Q602299", 
   "Q16947133", 
   "Q5243449", 
   "Q153144", 
   "Q6496323", 
   "Q6496321", 
   "Q6496325", 
   "Q6496329", 
   "Q6496328", 
   "Q7826362", 
   "Q7826365", 
   "Q7826367", 
   "Q981030", 
   "Q1285780", 
   "Q3113378", 
   "Q1161109", 
   "Q17010296", 
   "Q1535145", 
   "Q922263", 
   "Q12314193", 
   "Q1441582", 
   "Q1420891", 
   "Q3019357", 
   "Q674165", 
   "Q1260789", 
   "Q2475536", 
   "Q4649808", 
   "Q4649803", 
   "Q4649800", 
   "Q19858107", 
   "Q922273", 
   "Q821479", 
   "Q2529381", 
   "Q3841598", 
   "Q3841594", 
   "Q3841596", 
   "Q1790252", 
   "Q1681198", 
   "Q5593877", 
   "Q38138", 
   "Q38135", 
   "Q1275727", 
   "Q8035703", 
   "Q2226481", 
   "Q4376971", 
   "Q6496399", 
   "Q6496390", 
   "Q6394341", 
   "Q904528", 
   "Q1780634", 
   "Q2620100", 
   "Q11886698", 
   "Q4921549", 
   "Q4921542", 
   "Q7569452", 
   "Q5530638", 
   "Q7413657", 
   "Q2101397", 
   "Q1240387", 
   "Q630653", 
   "Q7243506", 
   "Q7243507", 
   "Q7243504", 
   "Q7243505", 
   "Q7243503", 
   "Q7243500", 
   "Q7243501", 
   "Q7243508", 
   "Q5593862", 
   "Q372123", 
   "Q1542129", 
   "Q24050370", 
   "Q977167", 
   "Q23091", 
   "Q6496379", 
   "Q6496377", 
   "Q6496373", 
   "Q4921552", 
   "Q4921551", 
   "Q4921550", 
   "Q4921557", 
   "Q5530641", 
   "Q5530642", 
   "Q5530643", 
   "Q24053062", 
   "Q19858124", 
   "Q840286", 
   "Q4896791", 
   "Q249095", 
   "Q4896696", 
   "Q7243511", 
   "Q7243513", 
   "Q7243517", 
   "Q7243516", 
   "Q5593858", 
   "Q5593859", 
   "Q21588788", 
   "Q4806632", 
   "Q1065651", 
   "Q494414", 
   "Q5593841", 
   "Q24050367", 
   "Q24050363", 
   "Q1328249", 
   "Q1171956", 
   "Q889836", 
   "Q847054", 
   "Q142392", 
   "Q6496369", 
   "Q6496367", 
   "Q6496365", 
   "Q6496361", 
   "Q6496360", 
   "Q5593763", 
   "Q5593767", 
   "Q18693547", 
   "Q16900574", 
   "Q639542", 
   "Q973750", 
   "Q4896782", 
   "Q5579574", 
   "Q989450", 
   "Q989453", 
   "Q7886343", 
   "Q4896697", 
   "Q2730331", 
   "Q7243514", 
   "Q7821800", 
   "Q945887", 
   "Q617869", 
   "Q494425", 
   "Q6496359", 
   "Q821010", 
   "Q7243495", 
   "Q377317", 
   "Q1026417", 
   "Q989447", 
   "Q989442", 
   "Q989449", 
   "Q1129487", 
   "Q24034699", 
   "Q505425", 
   "Q4649829", 
   "Q602866", 
   "Q5593832", 
   "Q17010286", 
   "Q566905", 
   "Q900378", 
   "Q494435", 
   "Q917008", 
   "Q24050343", 
   "Q1273159", 
   "Q20978457", 
   "Q1413741", 
   "Q6496345", 
   "Q6496340", 
   "Q3352913", 
   "Q2665878", 
   "Q2665874", 
   "Q2603334", 
   "Q2603339", 
   "Q1369077", 
   "Q2462064", 
   "Q3910472", 
   "Q989439", 
   "Q989438", 
   "Q5593825", 
   "Q8068397", 
   "Q4542504", 
   "Q900360", 
   "Q900369", 
   "Q4896676", 
   "Q6496356", 
   "Q6496355", 
   "Q1542160", 
   "Q4744483", 
   "Q4744486", 
   "Q8038469", 
   "Q8038463", 
   "Q392586", 
   "Q2603323", 
   "Q654599", 
   "Q3405406", 
   "Q3405405", 
   "Q595693", 
   "Q1505018", 
   "Q4896742", 
   "Q24054725", 
   "Q5593813", 
   "Q5593816", 
   "Q5593817", 
   "Q5593815", 
   "Q775028", 
   "Q1351190", 
   "Q900352", 
   "Q1030402", 
   "Q615682", 
   "Q1928373", 
   "Q2447910", 
   "Q4377021", 
   "Q6496387", 
   "Q17006221", 
   "Q5593843", 
   "Q2976730", 
   "Q9395567", 
   "Q337926", 
   "Q38470", 
   "Q915228", 
   "Q1091031", 
   "Q2603311", 
   "Q3827469", 
   "Q506565", 
   "Q5593781", 
   "Q18157754", 
   "Q1509201", 
   "Q989445", 
   "Q5593805", 
   "Q1542147", 
   "Q889841", 
   "Q11858223", 
   "Q922326", 
   "Q922322", 
   "Q1464670", 
   "Q3664507", 
   "Q3113382", 
   "Q16191288", 
   "Q17008272", 
   "Q19819292", 
   "Q1421666", 
   "Q24050329", 
   "Q182529", 
   "Q493311", 
   "Q16943561", 
   "Q1542151", 
   "Q3077281", 
   "Q3841595", 
   "Q2603377", 
   "Q1326340", 
   "Q1353326", 
   "Q7243496", 
   "Q7243497", 
   "Q7243498", 
   "Q7243499", 
   "Q16155407", 
   "Q165942", 
   "Q24054773", 
   "Q19859744", 
   "Q3275695", 
   "Q2295011", 
   "Q17500606", 
   "Q943106", 
   "Q6496351", 
   "Q430035", 
   "Q19395", 
   "Q16324366", 
   "Q3225371", 
   "Q21588796", 
   "Q2603368", 
   "Q494430"
  ], 
  "entities": [
   "Q2530270", 
   "Q518675", 
   "Q2529789"
  ], 
  "speaker": "SYSTEM", 
  "signature": "{active_set:[u'(c(Q502895)|c(Q838948),P1411,c(Q618779))']}@{entities:[u'Q2530270', u'Q518675', u'Q2529789']}@{speaker:SYSTEM}@{utterance:Screen Actors Guild Award for Outstanding Performance by an Ensemble in a Drama Series, Screen Actors Guild Award for Outstanding Performance by a Cast in a Motion Picture, Screen Actors Guild Award for Outstanding Performance by an Ensemble in a Comedy Series}", 
  "utterance": "Screen Actors Guild Award for Outstanding Performance by an Ensemble in a Drama Series, Screen Actors Guild Award for Outstanding Performance by a Cast in a Motion Picture, Screen Actors Guild Award for Outstanding Performance by an Ensemble in a Comedy Series", 
  "active_set": [
   "(c(Q502895)|c(Q838948),P1411,c(Q618779))"
  ]
 }, 
 {
  "ques_type_id": 2, 
  "description": "Simple Question|Mult. Entity", 
  "sec_ques_sub_type": 3, 
  "relations": [
   "P166"
  ], 
  "entities": [
   "Q2530270", 
   "Q518675", 
   "Q2529789"
  ], 
  "speaker": "USER", 
  "sec_ques_type": 2, 
  "signature": "{Qid:Q30}@{description:Simple Question|Mult. Entity}@{entities:[u'Q2530270', u'Q518675', u'Q2529789']}@{prop_Qid_par:Q502895}@{prop_res:P166}@{ques_type_id:2}@{relations:[u'P166']}@{sec_ques_sub_type:3}@{sec_ques_type:2}@{speaker:USER}@{sub_list:[u'Q2530270', u'Q518675', u'Q2529789']}@{utterance:Which people received the award titled those ones ?}", 
  "utterance": "Which people received the award titled those ones ?"
 }, 
 {
  "ans_list_full": [
   "Q446717", 
   "Q2118568", 
   "Q888178", 
   "Q235328", 
   "Q229319", 
   "Q229319", 
   "Q311892", 
   "Q184572", 
   "Q2491464", 
   "Q1150569", 
   "Q1150569", 
   "Q302794", 
   "Q302794", 
   "Q1190693", 
   "Q1086977", 
   "Q310551", 
   "Q1138674", 
   "Q1059226", 
   "Q104061", 
   "Q442300", 
   "Q114447", 
   "Q114447", 
   "Q115134", 
   "Q230109", 
   "Q299700", 
   "Q352180", 
   "Q352180", 
   "Q862039", 
   "Q862039", 
   "Q1117390", 
   "Q354181", 
   "Q354181", 
   "Q40048", 
   "Q4752066", 
   "Q4752066", 
   "Q23844", 
   "Q23844", 
   "Q23844", 
   "Q23844", 
   "Q294586", 
   "Q117995", 
   "Q185554", 
   "Q259760", 
   "Q230383", 
   "Q108283", 
   "Q108283", 
   "Q134895", 
   "Q134895", 
   "Q312124", 
   "Q23365", 
   "Q1077549", 
   "Q108935", 
   "Q104791", 
   "Q110374", 
   "Q83338", 
   "Q83338", 
   "Q1151457", 
   "Q208590", 
   "Q1190693", 
   "Q35332", 
   "Q549017", 
   "Q219546", 
   "Q191104", 
   "Q311615", 
   "Q311615", 
   "Q343616", 
   "Q2263", 
   "Q1107887", 
   "Q211322", 
   "Q211322", 
   "Q211322", 
   "Q211322", 
   "Q731187", 
   "Q1159071", 
   "Q234798", 
   "Q1112005", 
   "Q1139248", 
   "Q1139248", 
   "Q1050211", 
   "Q1050211", 
   "Q299309", 
   "Q231911", 
   "Q442300", 
   "Q442300"
  ], 
  "entities": [
   "Q1117390", 
   "Q134895", 
   "Q134895"
  ], 
  "speaker": "SYSTEM", 
  "signature": "{active_set:[u'(c(Q502895),P166,Q2530270)', u'(c(Q502895),P166,Q518675)', u'(c(Q502895),P166,Q2529789)']}@{entities:[u'Q1117390', u'Q134895', u'Q134895']}@{speaker:SYSTEM}@{utterance:Javier Bardem for 2nd, 3rd, Stockard Channing for 1st}", 
  "utterance": "Javier Bardem for 2nd, 3rd, Stockard Channing for 1st", 
  "active_set": [
   "(c(Q502895),P166,Q2530270)", 
   "(c(Q502895),P166,Q518675)", 
   "(c(Q502895),P166,Q2529789)"
  ]
 }, 
 {
  "ques_type_id": 2, 
  "description": "Simple Question|Single Entity", 
  "sec_ques_sub_type": 1, 
  "relations": [
   "P921"
  ], 
  "entities": [
   "Q30"
  ], 
  "speaker": "USER", 
  "sec_ques_type": 2, 
  "signature": "{Qid:Q30}@{description:Simple Question|Single Entity}@{entities:[u'Q30']}@{len(ans_list) > 1:False}@{prop_Qid_par:Q201658}@{prop_res:P921}@{ques_type_id:2}@{relations:[u'P921']}@{sec_ques_sub_type:1}@{sec_ques_type:2}@{speaker:USER}@{utterance:Which film genre has United States of America as its main topic ?}", 
  "utterance": "Which film genre has United States of America as its main topic ?"
 }, 
 {
  "ans_list_full": [
   "Q7754490"
  ], 
  "entities": [
   "Q7754490"
  ], 
  "speaker": "SYSTEM", 
  "signature": "{active_set:[u'(c(Q201658),P921,Q30)']}@{entities:[u'Q7754490']}@{speaker:SYSTEM}@{utterance:The Numbers Start with the River}", 
  "utterance": "The Numbers Start with the River", 
  "active_set": [
   "(c(Q201658),P921,Q30)"
  ]
 }, 
 {
  "ques_type_id": 2, 
  "description": "Simple Question|Single Entity|Indirect", 
  "sec_ques_sub_type": 2, 
  "relations": [
   "P364"
  ], 
  "entities": [
   "Q7754490"
  ], 
  "speaker": "USER", 
  "sec_ques_type": 1, 
  "signature": "{Qid:Q7754490}@{description:Simple Question|Single Entity|Indirect}@{entities:[u'Q7754490']}@{len(ans_list) > 1:False}@{prop_Qid_par:Q34770}@{prop_res:P364}@{ques_type_id:2}@{relations:[u'P364']}@{sec_ques_sub_type:2}@{sec_ques_type:1}@{speaker:USER}@{utterance:Which language was used originally for the creation of that film genre ?}", 
  "utterance": "Which language was used originally for the creation of that film genre ?"
 }, 
 {
  "ans_list_full": [
   "Q1860"
  ], 
  "entities": [
   "Q1860"
  ], 
  "speaker": "SYSTEM", 
  "signature": "{active_set:[u'(Q7754490,P364,c(Q34770))']}@{entities:[u'Q1860']}@{speaker:SYSTEM}@{utterance:English}", 
  "utterance": "English", 
  "active_set": [
   "(Q7754490,P364,c(Q34770))"
  ]
 }, 
 {
  "description": "Comparative|More/Less|Mult. entity type|Indirect", 
  "count_ques_type": 2, 
  "set_op": 2, 
  "ques_type_id": 8, 
  "relations": [
   "P282"
  ], 
  "count_ques_sub_type": 9, 
  "entities": [], 
  "speaker": "USER", 
  "signature": "{Z:Q6047309}@{count_ques_sub_type:9}@{count_ques_type:2}@{description:Comparative|More/Less|Mult. entity type|Indirect}@{entities:[]}@{is_incomplete:0}@{obj_par_1:Q9779}@{obj_par_2:Q8192}@{prop_res:P282}@{qualifier_choice:lesser}@{ques_type_id:8}@{relations:[u'P282']}@{set_op:2}@{speaker:USER}@{sub_par:Q34770}@{utterance:Which languages have writing system as lesser number of alphabets or writing systems than that language ?}", 
  "is_incomplete": 0, 
  "utterance": "Which languages have writing system as lesser number of alphabets or writing systems than that language ?"
 }, 
 {
  "ans_list_full": [
   "Q1860", 
   "Q36178", 
   "Q29977", 
   "Q1669994", 
   "Q33982", 
   "Q397", 
   "Q13414913", 
   "Q56512", 
   "Q2705672"
  ], 
  "entities": [], 
  "speaker": "SYSTEM", 
  "signature": "{active_set:[u'(c(Q34770),P282,c(Q9779)|c(Q8192))']}@{entities:[]}@{speaker:SYSTEM}@{utterance:9}", 
  "utterance": "9", 
  "active_set": [
   "(c(Q34770),P282,c(Q9779)|c(Q8192))"
  ]
 }, 
 {
  "ques_type_id": 7, 
  "description": "Comparative|Count over More/Less|Single entity type", 
  "speaker": "USER", 
  "relations": [
   "P282"
  ], 
  "count_ques_sub_type": 6, 
  "entities": [
   "Q829464"
  ], 
  "signature": "{Z:Q829464}@{count_ques_sub_type:6}@{count_ques_type:1}@{description:Comparative|Count over More/Less|Single entity type}@{entities:[u'Q829464']}@{is_incomplete:0}@{obj_par:Q9779}@{prop_res:P282}@{qualifier_choice:less}@{ques_type_id:7}@{relations:[u'P282']}@{speaker:USER}@{sub_par:Q34770}@{utterance:How many alphabets are the writing systems of less number of languages known as than Serbian Cyrillic alphabet ?}", 
  "count_ques_type": 1, 
  "utterance": "How many alphabets are the writing systems of less number of languages known as than Serbian Cyrillic alphabet ?", 
  "is_incomplete": 0
 }, 
 {
  "ans_list_full": [
   "Q2092163", 
   "Q792216", 
   "Q164436", 
   "Q13405127"
  ], 
  "entities": [], 
  "speaker": "SYSTEM", 
  "signature": "{active_set:[u'(c(Q34770),P282,c(Q9779))']}@{entities:[]}@{speaker:SYSTEM}@{utterance:4}", 
  "utterance": "4", 
  "active_set": [
   "(c(Q34770),P282,c(Q9779))"
  ]
 }, 
 {
  "ques_type_id": 7, 
  "description": "Comparative|Count over More/Less|Single entity type|Incomplete", 
  "relations": [
   "P282"
  ], 
  "count_ques_sub_type": 6, 
  "entities": [
   "Q606972"
  ], 
  "speaker": "USER", 
  "signature": "{count_ques_sub_type:6}@{count_ques_type:1}@{description:Comparative|Count over More/Less|Single entity type|Incomplete}@{entities:[u'Q606972']}@{is_incomplete:1}@{ques_type_id:7}@{relations:[u'P282']}@{speaker:USER}@{utterance:And what about Polish alphabet?}", 
  "count_ques_type": 1, 
  "utterance": "And what about Polish alphabet?", 
  "is_incomplete": 1
 }, 
 {
  "ans_list_full": [
   "Q792216", 
   "Q83942", 
   "Q1937113"
  ], 
  "entities": [], 
  "speaker": "SYSTEM", 
  "signature": "{active_set:[u'(c(Q34770),P282,c(Q9779))']}@{entities:[]}@{speaker:SYSTEM}@{utterance:3}", 
  "utterance": "3", 
  "active_set": [
   "(c(Q34770),P282,c(Q9779))"
  ]
 }
]