[
 {
  "ques_type_id": 1, 
  "description": "Simple Question", 
  "relations": [
   "P20"
  ], 
  "entities": [
   "Q1712891"
  ], 
  "speaker": "USER", 
  "signature": "{Qid:Q1712891}@{description:Simple Question}@{entities:[u'Q1712891']}@{len(ans_list) > 1:False}@{prop_Qid_par:Q123705}@{prop_res:P20}@{ques_type_id:1}@{relations:[u'P20']}@{speaker:USER}@{utterance:Where did the expiration of Julius Pohl occur ?}", 
  "utterance": "Where did the expiration of Julius Pohl occur ?"
 }, 
 {
  "ans_list_full": [
   "Q1611"
  ], 
  "entities": [
   "Q1611"
  ], 
  "speaker": "SYSTEM", 
  "signature": "{active_set:[u'(Q1712891,P20,c(Q123705))']}@{entities:[u'Q1611']}@{speaker:SYSTEM}@{utterance:Eimsb\\xfcttel}", 
  "utterance": "Eimsb\u00fcttel", 
  "active_set": [
   "(Q1712891,P20,c(Q123705))"
  ]
 }, 
 {
  "ques_type_id": 2, 
  "description": "Simple Question|Single Entity", 
  "sec_ques_sub_type": 1, 
  "relations": [
   "P463"
  ], 
  "entities": [
   "Q1712891"
  ], 
  "speaker": "USER", 
  "sec_ques_type": 1, 
  "signature": "{Qid:Q1712891}@{description:Simple Question|Single Entity}@{entities:[u'Q1712891']}@{len(ans_list) > 1:False}@{prop_Qid_par:Q19335303}@{prop_res:P463}@{ques_type_id:2}@{relations:[u'P463']}@{sec_ques_sub_type:1}@{sec_ques_type:1}@{speaker:USER}@{utterance:Which organization was Julius Pohl a member of ?}", 
  "utterance": "Which organization was Julius Pohl a member of ?"
 }, 
 {
  "ans_list_full": [
   "Q543804"
  ], 
  "entities": [
   "Q543804"
  ], 
  "speaker": "SYSTEM", 
  "signature": "{active_set:[u'(Q1712891,P463,c(Q19335303))']}@{entities:[u'Q543804']}@{speaker:SYSTEM}@{utterance:German Academy of Sciences Leopoldina}", 
  "utterance": "German Academy of Sciences Leopoldina", 
  "active_set": [
   "(Q1712891,P463,c(Q19335303))"
  ]
 }, 
 {
  "ques_type_id": 6, 
  "description": "only subject is changed, parent and predicate remains same", 
  "inc_ques_type": 2, 
  "relations": [], 
  "entities": [
   "Q430456"
  ], 
  "speaker": "USER", 
  "signature": "{description:only subject is changed, parent and predicate remains same}@{entities:[u'Q430456']}@{inc_ques_type:2}@{ques_type_id:6}@{relations:[]}@{speaker:USER}@{utterance:And also tell me about Dante De Blasi?}", 
  "utterance": "And also tell me about Dante De Blasi?"
 }, 
 {
  "ans_list_full": [
   "Q543804"
  ], 
  "entities": [
   "Q543804"
  ], 
  "speaker": "SYSTEM", 
  "signature": "{active_set:[u'(Q430456,P463,c(Q19335303))']}@{entities:[u'Q543804']}@{speaker:SYSTEM}@{utterance:German Academy of Sciences Leopoldina}", 
  "utterance": "German Academy of Sciences Leopoldina", 
  "active_set": [
   "(Q430456,P463,c(Q19335303))"
  ]
 }, 
 {
  "ques_type_id": 5, 
  "relations": [
   "P463"
  ], 
  "entities": [
   "Q543804", 
   "Q1550081"
  ], 
  "speaker": "USER", 
  "signature": "{Qid:Q543804}@{bool_ques_type:3}@{description:Verification|2 entities, one direct and one indirect, object is indirect}@{entities:[u'Q543804', u'Q1550081']}@{prop_Qid_par:Q502895}@{prop_res:P463}@{ques_type_id:5}@{relations:[u'P463']}@{speaker:USER}@{sub:Q1550081}@{utterance:Is Ulf Eysel a part of that German business organization ?}", 
  "bool_ques_type": 3, 
  "utterance": "Is Ulf Eysel a part of that German business organization ?", 
  "description": "Verification|2 entities, one direct and one indirect, object is indirect"
 }, 
 {
  "ans_list_full": [], 
  "entities": [], 
  "speaker": "SYSTEM", 
  "signature": "{active_set:[u'(Q1550081,P463,Q543804)']}@{entities:[]}@{speaker:SYSTEM}@{utterance:YES}", 
  "utterance": "YES", 
  "active_set": [
   "(Q1550081,P463,Q543804)"
  ]
 }, 
 {
  "ques_type_id": 5, 
  "description": "Verification|3 entities, all direct, 2 are query entities", 
  "relations": [
   "P19"
  ], 
  "entities": [
   "Q1712891", 
   "Q4883076", 
   "Q5718070"
  ], 
  "speaker": "USER", 
  "signature": "{Qid:Q1712891}@{bool_ques_type:4}@{description:Verification|3 entities, all direct, 2 are query entities}@{entities:[u'Q1712891', u'Q4883076', u'Q5718070']}@{obj:Q4883076}@{obj2:Q5718070}@{prop_Qid_par:Q56061}@{prop_res:P19}@{ques_type_id:5}@{relations:[u'P19']}@{speaker:USER}@{utterance:Does Julius Pohl have place of birth as Bell and Qaleh-ye Allahqolibeyk ?}", 
  "bool_ques_type": 4, 
  "utterance": "Does Julius Pohl have place of birth as Bell and Qaleh-ye Allahqolibeyk ?"
 }, 
 {
  "ans_list_full": [], 
  "entities": [], 
  "speaker": "SYSTEM", 
  "signature": "{active_set:[u'(Q1712891,P19,Q4883076)', u'(Q1712891,P19,Q5718070)']}@{entities:[]}@{speaker:SYSTEM}@{utterance:NO}", 
  "utterance": "NO", 
  "active_set": [
   "(Q1712891,P19,Q4883076)", 
   "(Q1712891,P19,Q5718070)"
  ]
 }, 
 {
  "ques_type_id": 2, 
  "description": "Simple Question|Single Entity", 
  "sec_ques_sub_type": 1, 
  "relations": [
   "P112"
  ], 
  "entities": [
   "Q543804"
  ], 
  "speaker": "USER", 
  "sec_ques_type": 1, 
  "signature": "{Qid:Q543804}@{description:Simple Question|Single Entity}@{entities:[u'Q543804']}@{len(ans_list) > 1:True}@{prop_Qid_par:Q502895}@{prop_res:P112}@{ques_type_id:2}@{relations:[u'P112']}@{sec_ques_sub_type:1}@{sec_ques_type:1}@{speaker:USER}@{utterance:Which people were the founders of German Academy of Sciences Leopoldina ?}", 
  "utterance": "Which people were the founders of German Academy of Sciences Leopoldina ?"
 }, 
 {
  "ans_list_full": [
   "Q98496", 
   "Q104854", 
   "Q1575280"
  ], 
  "entities": [
   "Q98496", 
   "Q104854", 
   "Q1575280"
  ], 
  "speaker": "SYSTEM", 
  "signature": "{active_set:[u'(Q543804,P112,c(Q502895))']}@{entities:[u'Q98496', u'Q104854', u'Q1575280']}@{speaker:SYSTEM}@{utterance:Johann Lorenz Bausch, Georg Balthasar Metzger, Johann Michael Fehr}", 
  "utterance": "Johann Lorenz Bausch, Georg Balthasar Metzger, Johann Michael Fehr", 
  "active_set": [
   "(Q543804,P112,c(Q502895))"
  ]
 }, 
 {
  "ques_type_id": 6, 
  "description": "only subject is changed, parent and predicate remains same", 
  "inc_ques_type": 2, 
  "relations": [], 
  "entities": [
   "Q7244237"
  ], 
  "speaker": "USER", 
  "signature": "{description:only subject is changed, parent and predicate remains same}@{entities:[u'Q7244237']}@{inc_ques_type:2}@{ques_type_id:6}@{relations:[]}@{speaker:USER}@{utterance:And also tell me about Prince Salman Center for Disability Research?}", 
  "utterance": "And also tell me about Prince Salman Center for Disability Research?"
 }, 
 {
  "ans_list_full": [
   "Q367825"
  ], 
  "entities": [
   "Q367825"
  ], 
  "speaker": "SYSTEM", 
  "signature": "{active_set:[u'(Q7244237,P112,c(Q502895))']}@{entities:[u'Q367825']}@{speaker:SYSTEM}@{utterance:Salman bin Abdulaziz Al Saud}", 
  "utterance": "Salman bin Abdulaziz Al Saud", 
  "active_set": [
   "(Q7244237,P112,c(Q502895))"
  ]
 }, 
 {
  "set_op": 2, 
  "ques_type_id": 8, 
  "description": "Quantitative|Count|Logical operators|Indirect", 
  "relations": [
   "P39"
  ], 
  "count_ques_sub_type": 8, 
  "entities": [], 
  "speaker": "USER", 
  "signature": "{Qid:Q367825}@{count_ques_sub_type:8}@{count_ques_type:1}@{description:Quantitative|Count|Logical operators|Indirect}@{entities:[]}@{is_incomplete:0}@{obj_par_1:Q355567}@{obj_par_2:Q12737077}@{prop_res:P39}@{ques_type_id:8}@{relations:[u'P39']}@{set_op:2}@{speaker:USER}@{utterance:How many royal or noble ranks or occupations were the positions held by that person ?}", 
  "count_ques_type": 1, 
  "utterance": "How many royal or noble ranks or occupations were the positions held by that person ?", 
  "is_incomplete": 0
 }, 
 {
  "ans_list_full": [
   "Q850168", 
   "Q12251224", 
   "Q132050"
  ], 
  "entities": [], 
  "speaker": "SYSTEM", 
  "signature": "{active_set:[u'(Q367825,P39,c(Q355567))', u'(Q367825,P39,c(Q12737077))', u'(Q367825,P39,c(Q355567))', u'(Q367825,P39,c(Q12737077))']}@{entities:[]}@{speaker:SYSTEM}@{utterance:3}", 
  "utterance": "3", 
  "active_set": [
   "(Q367825,P39,c(Q355567))", 
   "(Q367825,P39,c(Q12737077))", 
   "(Q367825,P39,c(Q355567))", 
   "(Q367825,P39,c(Q12737077))"
  ]
 }, 
 {
  "ques_type_id": 7, 
  "description": "Quantitative|Count over Atleast/ Atmost/ Approx. the same/Equal|Single entity type", 
  "speaker": "USER", 
  "relations": [
   "P1303"
  ], 
  "count_ques_sub_type": 5, 
  "entities": [], 
  "signature": "{N:1}@{count_ques_sub_type:5}@{count_ques_type:1}@{description:Quantitative|Count over Atleast/ Atmost/ Approx. the same/Equal|Single entity type}@{entities:[]}@{is_incomplete:0}@{obj_par:Q34379}@{prop_res:P1303}@{qualifier_choice:exactly}@{ques_type_id:7}@{relations:[u'P1303']}@{speaker:USER}@{sub_par:Q502895}@{utterance:How many musical instruments do exactly 1 person know to play ?}", 
  "count_ques_type": 1, 
  "utterance": "How many musical instruments do exactly 1 person know to play ?", 
  "is_incomplete": 0
 }, 
 {
  "ans_list_full": [
   "Q120585", 
   "Q890073", 
   "Q644440", 
   "Q713298", 
   "Q290951", 
   "Q490054", 
   "Q39777", 
   "Q16155191", 
   "Q3623688", 
   "Q320341", 
   "Q379248", 
   "Q816793", 
   "Q1327500", 
   "Q873588", 
   "Q790468", 
   "Q1179017", 
   "Q1759986", 
   "Q2660670", 
   "Q744831", 
   "Q678090", 
   "Q593995", 
   "Q1178361", 
   "Q1798603", 
   "Q669370", 
   "Q1024685", 
   "Q244976", 
   "Q178933", 
   "Q16875637", 
   "Q1129422", 
   "Q604538", 
   "Q1099153", 
   "Q497224", 
   "Q963150"
  ], 
  "entities": [], 
  "speaker": "SYSTEM", 
  "signature": "{active_set:[u'(c(Q502895),P1303,c(Q34379))']}@{entities:[]}@{speaker:SYSTEM}@{utterance:33}", 
  "utterance": "33", 
  "active_set": [
   "(c(Q502895),P1303,c(Q34379))"
  ]
 }, 
 {
  "ques_type_id": 2, 
  "description": "Simple Question|Single Entity", 
  "sec_ques_sub_type": 1, 
  "relations": [
   "P53"
  ], 
  "entities": [
   "Q367825"
  ], 
  "speaker": "USER", 
  "sec_ques_type": 1, 
  "signature": "{Qid:Q367825}@{description:Simple Question|Single Entity}@{entities:[u'Q367825']}@{len(ans_list) > 1:False}@{prop_Qid_par:Q8436}@{prop_res:P53}@{ques_type_id:2}@{relations:[u'P53']}@{sec_ques_sub_type:1}@{sec_ques_type:1}@{speaker:USER}@{utterance:Which family did Salman bin Abdulaziz Al Saud belong to ?}", 
  "utterance": "Which family did Salman bin Abdulaziz Al Saud belong to ?"
 }, 
 {
  "ans_list_full": [
   "Q31711"
  ], 
  "entities": [
   "Q31711"
  ], 
  "speaker": "SYSTEM", 
  "signature": "{active_set:[u'(Q367825,P53,c(Q8436))']}@{entities:[u'Q31711']}@{speaker:SYSTEM}@{utterance:House of Saud}", 
  "utterance": "House of Saud", 
  "active_set": [
   "(Q367825,P53,c(Q8436))"
  ]
 }
]